Name,Variation,Color 1,Color 2,Source,Seasonal Availability,Style,Label Themes,Villager Equippable,Internal ID,Unique Entry ID
acid-washed jeans,Blue,Blue,Blue,Able Sisters,All Year,Simple,everyday; outdoorsy,No,5286,QaecPktemD3XuFdwy
acid-washed jeans,Black,Black,Black,Able Sisters,All Year,Simple,everyday; outdoorsy,No,11385,a7HNjgRFkCznkDLLH
animal-stripes skirt,Tiger,Yellow,Black,Able Sisters,All Year,Cool,everyday,No,9842,qmtHwBmtJDvtNntTs
animal-stripes skirt,Zebra,Gray,Black,Able Sisters,All Year,Cool,everyday,No,12067,4mDRmSG3scfXh3oon
apron skirt,Purple,White,Purple,Able Sisters,All Year,Simple,work,No,5710,MtsvEMQ9Z9damsycd
apron skirt,Blue,White,Light blue,Able Sisters,All Year,Simple,work,No,8921,cfzi35RpY8onR3hra
apron skirt,Beige,White,Beige,Able Sisters,All Year,Simple,work,No,8922,AmWS5iMbatqDr2eLs
athletic pants,Red,Red,White,Able Sisters,All Year,Active,outdoorsy; comfy; sporty,No,3311,iL9vd8DerEEJDJQbA
athletic pants,Green,Green,White,Able Sisters,All Year,Active,outdoorsy; comfy; sporty,No,11295,Ygp8L2zeem8ECZroK
athletic pants,Black,Black,White,Able Sisters,All Year,Active,outdoorsy; comfy; sporty,No,11296,8NcTmEpkckocYvTf2
athletic pants,Blue,Blue,White,Able Sisters,All Year,Active,outdoorsy; comfy; sporty,No,11297,R6apb74ivZCDbvEvi
athletic pants,Berry red,Red,White,Able Sisters,All Year,Active,outdoorsy; comfy; sporty,No,11298,HSgcZgAkXCBroWboG
athletic pants,Navy blue,Blue,White,Able Sisters,All Year,Active,outdoorsy; comfy; sporty,No,11299,zauG7p57gDAPSqPH4
athletic shorts,Red,Red,White,Able Sisters,All Year,Active,outdoorsy; comfy; sporty,No,4518,Pz4KvZgNanynj88ut
athletic shorts,Green,Green,White,Able Sisters,All Year,Active,outdoorsy; comfy; sporty,No,11905,Cgi5fvfgm5YEdCpNu
athletic shorts,Black,Black,White,Able Sisters,All Year,Active,outdoorsy; comfy; sporty,No,11906,XZyRpyaiPbfw5nwTD
athletic shorts,Blue,Blue,White,Able Sisters,All Year,Active,outdoorsy; comfy; sporty,No,11907,omNsW8d3EgoAs3tLL
athletic shorts,Berry red,Red,White,Able Sisters,All Year,Active,outdoorsy; comfy; sporty,No,11908,QWxKgGJSnKgHEyz5Y
athletic shorts,Navy blue,Blue,White,Able Sisters,All Year,Active,outdoorsy; comfy; sporty,No,11909,wkX3PL2R5dYC8PNJ2
basketball shorts,Purple,Purple,Yellow,Able Sisters,All Year,Active,sporty; work,No,5720,yTsGx7eQh4JWNdXB2
basketball shorts,Red,Red,Black,Able Sisters,All Year,Active,sporty; work,No,11307,TpYJQMq2Z8tEkK2Wd
basketball shorts,Green,Green,Orange,Able Sisters,All Year,Active,sporty; work,No,11308,KCggjKmE8js3MG6bq
basketball shorts,Orange,Orange,Blue,Able Sisters,All Year,Active,sporty; work,No,11309,iHFbTwYkKaqut6RnX
basketball shorts,Blue,Blue,Red,Able Sisters,All Year,Active,sporty; work,No,11310,4iB4fmJjkKNNzWJBS
basketball shorts,Yellow,Yellow,Green,Able Sisters,All Year,Active,sporty; work,No,11311,zjahPrxJ4ZBRcnq74
basketball shorts,Light blue,Light blue,Blue,Able Sisters,All Year,Active,sporty; work,No,11312,iDr7MMuWGDqgsh5Be
basketball shorts,Black,Black,Red,Able Sisters,All Year,Active,sporty; work,No,11313,gRj6pG26jHFQZB8TA
bell-bottoms,Orange,Orange,Orange,Able Sisters,All Year,Gorgeous,everyday,No,4364,sAGeX7YksW4qTsRz9
bell-bottoms,Brown,Brown,Brown,Able Sisters,All Year,Gorgeous,everyday,No,9270,AhZR3qCS8owvTgWS9
bell-bottoms,Beige,Beige,Beige,Able Sisters,All Year,Gorgeous,everyday,No,9271,h5fKoKik2BmT6JPAb
bell-bottoms,Green,Green,Green,Able Sisters,All Year,Gorgeous,everyday,No,9272,tn3suswYrh2ZcD649
bell-bottoms,Blue,Blue,Blue,Able Sisters,All Year,Gorgeous,everyday,No,9273,mRdLrYzxuYuP7yqB9
belted wraparound skirt,Yellow,Yellow,Black,Able Sisters,All Year,Simple,everyday; comfy,No,4545,6j99icX2C8n2NQSxe
belted wraparound skirt,Red,Red,Black,Able Sisters,All Year,Simple,everyday; comfy,No,8721,TuKyTJdQckfqf2nae
belted wraparound skirt,Green,Green,Black,Able Sisters,All Year,Simple,everyday; comfy,No,8722,FCtNFz4XG85wdDcbu
belted wraparound skirt,Blue,Blue,Black,Able Sisters,All Year,Simple,everyday; comfy,No,8723,Z3y37JrC5nnCjyFgC
boa shorts,Purple,Purple,Black,Able Sisters,Winter,Active,everyday; outdoorsy,No,5419,hHHSAxKeTKy94FrLh
boa shorts,Avocado,Green,Black,Able Sisters,Winter,Active,everyday; outdoorsy,No,9114,diDTCzmh2EfcQ8Est
boa shorts,Beige,Beige,Black,Able Sisters,Winter,Active,everyday; outdoorsy,No,9115,rxrscQDTFaB6T3CS3
boa shorts,Blue,Blue,Black,Able Sisters,Winter,Active,everyday; outdoorsy,No,9116,uNMeoCpWFsgQnhyGJ
boa shorts,Red,Red,Black,Able Sisters,Winter,Active,everyday; outdoorsy,No,9117,Ydd3mZGaYrNupaAop
boa shorts,Orange,Orange,Black,Able Sisters,Winter,Active,everyday; outdoorsy,No,9118,nmpe6DS922LwufDP5
boa shorts,Peacock blue,Light blue,Black,Able Sisters,Winter,Active,everyday; outdoorsy,No,9119,y3bqMB4hjKdxHjeRQ
boa shorts,Black,Black,Black,Able Sisters,Winter,Active,everyday; outdoorsy,No,9120,3Z3cYyfhRkhmDKKKP
boa skirt,Green,Green,Black,Able Sisters,Winter,Active,everyday; outdoorsy,No,5418,nFzxYepHxpSzdLHrw
boa skirt,Blue,Blue,Black,Able Sisters,Winter,Active,everyday; outdoorsy,No,9107,MYjHWe4KXX2bDwP6k
boa skirt,Purple,Purple,Black,Able Sisters,Winter,Active,everyday; outdoorsy,No,9108,eSPxEhawpKLm2ceMk
boa skirt,Red,Red,Black,Able Sisters,Winter,Active,everyday; outdoorsy,No,9109,ef7PeMEWM8geRb2JX
boa skirt,Yellow,Yellow,Black,Able Sisters,Winter,Active,everyday; outdoorsy,No,9110,sBZFNvhEg4Bsi8WLM
boa skirt,Light blue,Light blue,Black,Able Sisters,Winter,Active,everyday; outdoorsy,No,9111,JzeKHWEDDS5k9KpBy
boa skirt,Beige,Beige,Black,Able Sisters,Winter,Active,everyday; outdoorsy,No,9112,GtiB2HMiy56rLvCYA
boa skirt,Brown,Brown,Black,Able Sisters,Winter,Active,everyday; outdoorsy,No,9113,uDTLrmXkDEqToQbJ3
bomber-style skirt,Avocado,Green,Green,Able Sisters,All Year,Cool,everyday; outdoorsy,No,5722,jhqr7bGfmAXM6uK3x
bomber-style skirt,Black,Black,Black,Able Sisters,All Year,Cool,everyday; outdoorsy,No,11663,Bp7H3PBvjLpJycCqv
bomber-style skirt,Blue,Blue,Blue,Able Sisters,All Year,Cool,everyday; outdoorsy,No,11664,EQerBX3MAFt27siGH
bomber-style skirt,Brown,Brown,Brown,Able Sisters,All Year,Cool,everyday; outdoorsy,No,11665,xy5EjisA8WfpzSGcW
botanical shorts,Black,Black,Red,Able Sisters,Summer,Cool,comfy; vacation,No,5854,kFwQPwqhakmXTPHC2
botanical shorts,White,White,Red,Able Sisters,Summer,Cool,comfy; vacation,No,9193,iDnWPtRoBpziJEEwt
box-pleated skirt,Light blue,Light blue,Light blue,Able Sisters,All Year,Simple,everyday; vacation,No,5703,Rwte5DmWEbaQdQgqu
box-pleated skirt,Beige,Beige,Beige,Able Sisters,All Year,Simple,everyday; vacation,No,11786,MXmzA39FLKtQzzCpv
box-pleated skirt,Red,Red,Red,Able Sisters,All Year,Simple,everyday; vacation,No,11787,KxYmNHwegBmRL9uxJ
box-pleated skirt,Green,Green,Green,Able Sisters,All Year,Simple,everyday; vacation,No,11788,LrqFHr8zsLgjDoBtZ
buttoned lace skirt,Yellow,Yellow,Yellow,Able Sisters,Summer,Simple,everyday; fairy tale; comfy; vacation,No,5421,n4JbiQzu22rdtdy9a
buttoned lace skirt,White,White,White,Able Sisters,Summer,Simple,everyday; fairy tale; comfy; vacation,No,8727,hYFNGFXqrvmujTJJm
buttoned lace skirt,Pink,Pink,Pink,Able Sisters,Summer,Simple,everyday; fairy tale; comfy; vacation,No,8728,sJnpKrkWcAxGxoaix
buttoned lace skirt,Green,Green,Green,Able Sisters,Summer,Simple,everyday; fairy tale; comfy; vacation,No,8729,MYzQEa7dvMqmrWLN7
buttoned lace skirt,Purple,Purple,Purple,Able Sisters,Summer,Simple,everyday; fairy tale; comfy; vacation,No,8730,tkit3npe9HwdDufJQ
buttoned wraparound skirt,Gray,Gray,Black,Able Sisters,All Year,Elegant,everyday; formal,No,5816,MeqvzbNAieKTjMAgF
buttoned wraparound skirt,Blue,Blue,Black,Able Sisters,All Year,Elegant,everyday; formal,No,8731,YYgfpmdbXNoCFzBmw
buttoned wraparound skirt,Orange,Orange,Black,Able Sisters,All Year,Elegant,everyday; formal,No,8732,ypymB5aMKxZStb8ch
buttoned wraparound skirt,Pink,Pink,Black,Able Sisters,All Year,Elegant,everyday; formal,No,8733,rEFFT7saJTdTb6kG8
buttoned wraparound skirt,Green,Green,Black,Able Sisters,All Year,Elegant,everyday; formal,No,8734,JCkkAtMCEr6kaRwaH
buttoned wraparound skirt,Purple,Purple,Black,Able Sisters,All Year,Elegant,everyday; formal,No,8735,BEqJbSTipj8WRGE55
camo pants,Brown,Brown,Beige,Able Sisters,All Year,Cool,everyday; outdoorsy,No,3342,aNFpYieN49dxPKyYy
camo pants,Avocado,Green,Beige,Able Sisters,All Year,Cool,everyday; outdoorsy,No,10185,qtsT4H3FaWL6rb8Pp
camo pants,Pink,Pink,Brown,Able Sisters,All Year,Cool,everyday; outdoorsy,No,10186,nXT2XiJEx3CHegAip
camo pants,Blue,Blue,Light blue,Able Sisters,All Year,Cool,everyday; outdoorsy,No,10187,26N6fryHPqE2DNxTR
camo pants,Gray,Gray,Black,Able Sisters,All Year,Cool,everyday; outdoorsy,No,10188,EAtqzquCLivjkZhWr
camo pants,Purple,Purple,Purple,Able Sisters,All Year,Cool,everyday; outdoorsy,No,10189,H86rkRrvcpRorAzTf
camo pants,Red,Red,Beige,Able Sisters,All Year,Cool,everyday; outdoorsy,No,10190,5dYWfib2BWXgC3Rc4
camo skirt,Brown,Brown,Beige,Able Sisters,All Year,Cool,everyday; outdoorsy,No,4434,q5c559aFcRKoBNr4w
camo skirt,Avocado,Green,Beige,Able Sisters,All Year,Cool,everyday; outdoorsy,No,11322,GvqcgrFieJhgy5Jpw
camo skirt,Pink,Pink,Brown,Able Sisters,All Year,Cool,everyday; outdoorsy,No,11323,oz3YufzmPiL39q4CM
camo skirt,Blue,Blue,Light blue,Able Sisters,All Year,Cool,everyday; outdoorsy,No,11324,HpyMqkJ4oWAietZmq
camo skirt,Gray,Gray,Black,Able Sisters,All Year,Cool,everyday; outdoorsy,No,11325,tZTrTGhi5YdxdNi8f
camo skirt,Purple,Purple,Purple,Able Sisters,All Year,Cool,everyday; outdoorsy,No,11326,BNhmc7m6TBukQNosf
camo skirt,Red,Red,Beige,Able Sisters,All Year,Cool,everyday; outdoorsy,No,11327,5vPqqjmwqkMBLpm8y
career skirt,Gray,Gray,Gray,Able Sisters,All Year,Simple,formal; work,No,4504,nPFtncH3euNHGz2dj
career skirt,Beige,Beige,Beige,Able Sisters,All Year,Simple,formal; work,No,11347,vGt7atvSCh9Qy7Mm7
career skirt,Peach,Pink,Pink,Able Sisters,All Year,Simple,formal; work,No,11348,adRgkTRKLohGw8obF
career skirt,Light blue,Light blue,Light blue,Able Sisters,All Year,Simple,formal; work,No,11349,xNYdSrxuyczCSKPGi
career skirt,Pink,Pink,Pink,Able Sisters,All Year,Simple,formal; work,No,11350,tWpAfzeAvq8FBxtTW
career skirt,Green,Green,Green,Able Sisters,All Year,Simple,formal; work,No,11351,LgL59ZfDAre6HTfSx
career skirt,Blue,Blue,Blue,Able Sisters,All Year,Simple,formal; work,No,11352,86ca36YiBEuZeEvRS
career skirt,Red,Red,Red,Able Sisters,All Year,Simple,formal; work,No,11353,jcZP8k8ETAgyyiuh5
cargo pants,Avocado,Green,Green,Able Sisters,All Year,Simple,everyday; outdoorsy,No,3351,DDAHZHuS496kgxWwH
cargo pants,Beige,Beige,Beige,Able Sisters,All Year,Simple,everyday; outdoorsy,No,9703,Fp3ffEayi79Wh6bQ7
cargo pants,Navy blue,Blue,Blue,Able Sisters,All Year,Simple,everyday; outdoorsy,No,9704,E9cHhMTiduzizSpsM
cargo pants,Mustard,Yellow,Yellow,Able Sisters,All Year,Simple,everyday; outdoorsy,No,9705,eG7sZuGE2wp7or2Rq
cargo pants,Brown,Brown,Brown,Able Sisters,All Year,Simple,everyday; outdoorsy,No,9706,oJGyRjQePhaFecQsd
cargo shorts,Beige,Beige,Beige,Able Sisters,All Year,Simple,everyday; outdoorsy; comfy; vacation,No,4150,YcGuBwEQnJECddEic
cargo shorts,Navy blue,Blue,Blue,Able Sisters,All Year,Simple,everyday; outdoorsy; comfy; vacation,No,8835,vEnqBX2onCbeNqtit
cargo shorts,Avocado,Green,Green,Able Sisters,All Year,Simple,everyday; outdoorsy; comfy; vacation,No,8836,kNKe7u4ZsvCie9ENh
cargo shorts,Camel,Yellow,Yellow,Able Sisters,All Year,Simple,everyday; outdoorsy; comfy; vacation,No,8837,XfSgGJoDQJY77dQhg
cargo shorts,Brown,Brown,Brown,Able Sisters,All Year,Simple,everyday; outdoorsy; comfy; vacation,No,8838,7yRKReQZ3PzPXPYy3
casual pants,Navy blue,Blue,Blue,Able Sisters,All Year,Simple,everyday; comfy,No,4430,bpJ3hEuxXj9AKNHif
casual pants,Gray,Gray,Gray,Able Sisters,All Year,Simple,everyday; comfy,No,9714,Za9fHScKzquRFg3aJ
casual pants,Green,Green,Green,Able Sisters,All Year,Simple,everyday; comfy,No,9715,fycsBvwX3NiuWvksP
casual pants,Beige,Beige,Beige,Able Sisters,All Year,Simple,everyday; comfy,No,9716,i4JcDRnsLP5JZWuC8
casual pants,Black,Black,Black,Able Sisters,All Year,Simple,everyday; comfy,No,9717,drkTQr6MAuptTbKBJ
casual pants,Brown,Brown,Brown,Able Sisters,All Year,Simple,everyday; comfy,No,9718,LSuTt2QkyYrdL5DmZ
chain pants,Red,Red,Black,Able Sisters,All Year,Cool,everyday; theatrical,No,4255,S5Ra4nkP7ouR66Ruf
chain pants,Blue,Blue,Black,Able Sisters,All Year,Cool,everyday; theatrical,No,9242,RQazrWjLj5YkG9XEq
chain pants,White,White,Black,Able Sisters,All Year,Cool,everyday; theatrical,No,9243,aN2dkxJ7b7nCP8XaX
chain pants,Black,Black,Black,Able Sisters,All Year,Cool,everyday; theatrical,No,9244,H595qDsKwRawC5sz2
chino pants,Beige,Beige,Beige,Able Sisters,All Year,Simple,everyday; work,No,3308,4bM6obTFKJ3B2PGEL
chino pants,Brown,Brown,Brown,Able Sisters,All Year,Simple,everyday; work,No,4175,uf6Lr8ddF7urXKan3
chino pants,Navy blue,Blue,Blue,Able Sisters,All Year,Simple,everyday; work,No,4176,7NcEMTxER9ww3sA5B
chino pants,Avocado,Green,Green,Able Sisters,All Year,Simple,everyday; work,No,4177,S6pSqRksTsdzBi2Yk
chino pants,Gray,Gray,Gray,Able Sisters,All Year,Simple,everyday; work,No,4178,D6KCYWuZqY88CAATu
chino pants,Red,Red,Red,Able Sisters,All Year,Simple,everyday; work,No,9013,pgrmQRsgR2qgxwJ8t
chino pants,Blue,Blue,Blue,Able Sisters,All Year,Simple,everyday; work,No,9014,afD5PHF2cBvnKi8ES
chino pants,Yellow,Yellow,Yellow,Able Sisters,All Year,Simple,everyday; work,No,9015,TwhDtvuDCotbDtKKh
colorful skirt,Red,Red,Green,Able Sisters,All Year,Simple,comfy; vacation,No,5665,dkj7vqFes2bnYp9hW
colorful skirt,Blue,Blue,Orange,Able Sisters,All Year,Simple,comfy; vacation,No,8743,84sm6aSEFS2uH3H5B
colorful skirt,Pink,Pink,Green,Able Sisters,All Year,Simple,comfy; vacation,No,8744,pn9yS5D9FtupYJ6WR
colorful skirt,Green,Green,Pink,Able Sisters,All Year,Simple,comfy; vacation,No,8745,Ly94vKvqsqm4xJ2Zt
colorful skirt,Orange,Red,Blue,Able Sisters,All Year,Simple,comfy; vacation,No,8746,ZQGSEG9RP9sqfa7ia
comedian's pants,Orange,Orange,Black,Able Sisters,All Year,Gorgeous,party; theatrical,No,5736,2AgN6yfDb4J7vkrLw
comedian's pants,Blue,Blue,Black,Able Sisters,All Year,Gorgeous,party; theatrical,No,11372,ZMNbGsd6ohsAeMdWP
comedian's pants,Red,Red,Black,Able Sisters,All Year,Gorgeous,party; theatrical,No,11373,dfbDHy7bcSL65F5iS
comedian's pants,Yellow,Yellow,Black,Able Sisters,All Year,Gorgeous,party; theatrical,No,11374,cFJbT39oyaosBJgZW
comedian's pants,Green,Green,Black,Able Sisters,All Year,Gorgeous,party; theatrical,No,11375,xxqufwfX3RAtXGEwG
comedian's pants,Purple,Purple,Black,Able Sisters,All Year,Gorgeous,party; theatrical,No,11376,ebEXKa53MZCSMJk6M
comedian's pants,Aquamarine,Green,Black,Able Sisters,All Year,Gorgeous,party; theatrical,No,11377,ujrZCxQMHg5xpQDmg
comedian's pants,White,White,Black,Able Sisters,All Year,Gorgeous,party; theatrical,No,11378,6KpRqiQ7reR2rRuJt
comic shorts,Black,Colorful,Black,Able Sisters,All Year,Cool,comfy; vacation,No,5411,TFDJr788MeaHhmaw4
corduroy pants,Camel,Orange,Orange,Able Sisters,All Year,Simple,everyday,No,4602,eYgbZsTTRhZiKqeJL
corduroy pants,Brown,Brown,Brown,Able Sisters,All Year,Simple,everyday,No,9725,4NBNcdENnPc6CQ9Tg
corduroy pants,Pink,Pink,Pink,Able Sisters,All Year,Simple,everyday,No,9726,C7Z2sj3c25KN5NbXX
corduroy pants,Green,Green,Green,Able Sisters,All Year,Simple,everyday,No,9727,bpSpcGFuw6ev9G4DM
corduroy pants,Light gray,Gray,Gray,Able Sisters,All Year,Simple,everyday,No,9728,sivNDyug23pyzX5vX
corduroy pants,Black,Black,Black,Able Sisters,All Year,Simple,everyday,No,9729,jghFRrscG3LNw3Zjs
corduroy skirt,Brown,Brown,Brown,Able Sisters,All Year,Simple,everyday,No,4296,hkh2BatWWHbp4Takj
corduroy skirt,Camel,Orange,Orange,Able Sisters,All Year,Simple,everyday,No,11145,j87g2ybZPiMSuFM3c
corduroy skirt,Pink,Pink,Pink,Able Sisters,All Year,Simple,everyday,No,11146,SEAWj7xusERnyPfX2
corduroy skirt,Green,Green,Green,Able Sisters,All Year,Simple,everyday,No,11147,rsn5a7ewFoKZwqGBM
corduroy skirt,Light gray,Gray,Gray,Able Sisters,All Year,Simple,everyday,No,11148,s2NQ2ErkM9ww5n2yR
corduroy skirt,Black,Black,Black,Able Sisters,All Year,Simple,everyday,No,11149,gQpa9CCG6BtGZ3p8Y
corte skirt,Blue,Light blue,Blue,Able Sisters,All Year,Simple,comfy; vacation,No,5781,QztEA2BHy6k26G47J
corte skirt,Magenta,Pink,Red,Able Sisters,All Year,Simple,comfy; vacation,No,8747,BT4nLGNxHn76pGAGS
corte skirt,Green,Green,Green,Able Sisters,All Year,Simple,comfy; vacation,No,8748,XvWSD3qqc2S4ngTbn
cropped pants,Black,Black,Black,Able Sisters,All Year,Simple,everyday; formal; work,No,4408,AMgJhWiZ3cwDzCE4L
cropped pants,White,White,White,Able Sisters,All Year,Simple,everyday; formal; work,No,9707,3kxw3nFpQHeNdweep
cropped pants,Pink,Pink,Pink,Able Sisters,All Year,Simple,everyday; formal; work,No,9708,DXthceTZC45rJ3zSL
cropped pants,Light blue,Light blue,Light blue,Able Sisters,All Year,Simple,everyday; formal; work,No,9709,mAxKFpZasiLL3zbvp
cropped pants,Beige,Beige,Beige,Able Sisters,All Year,Simple,everyday; formal; work,No,9710,zKAAToR2hxStXvw9a
cropped pants,Orange,Orange,Orange,Able Sisters,All Year,Simple,everyday; formal; work,No,9711,fWnwgErZPiu6iCNEF
cropped pants,Blue,Blue,Blue,Able Sisters,All Year,Simple,everyday; formal; work,No,9712,2PdktqSeZMosQpqPG
cropped pants,Yellow,Yellow,Yellow,Able Sisters,All Year,Simple,everyday; formal; work,No,9713,2CgLvY2RgEmj7tKBT
cuffed pants,Brown,Brown,Beige,Able Sisters,All Year,Simple,everyday,No,3353,3LaTyaJxffCQu8SAt
cuffed pants,Purple,Purple,Pink,Able Sisters,All Year,Simple,everyday,No,9263,FJhjZmdbL3vDw48fH
cuffed pants,Green,Green,Green,Able Sisters,All Year,Simple,everyday,No,9264,qL7Y8MZrKWirDf6ZZ
cuffed pants,Gray,Black,Yellow,Able Sisters,All Year,Simple,everyday,No,9265,am6sZqRcWeCFrFMXR
culottes,Light blue,Light blue,Light blue,Able Sisters,All Year,Cute,everyday; comfy; vacation,No,4444,RgAErh45t95DZ8Nn4
culottes,White,White,White,Able Sisters,All Year,Cute,everyday; comfy; vacation,No,6842,x9PFQGeAAT5iNmgjj
culottes,Pink,Pink,Pink,Able Sisters,All Year,Cute,everyday; comfy; vacation,No,8864,GEG3RYzADsSxdt38c
culottes,Green,Green,Green,Able Sisters,All Year,Cute,everyday; comfy; vacation,No,8865,SQWJ8DzsM6ry2kTeg
cut-pleather skirt,Brown,Orange,Orange,Able Sisters,All Year,Simple,everyday; formal,No,5810,8r7m68QdwqXr8epLs
cut-pleather skirt,Pink,Pink,Pink,Able Sisters,All Year,Simple,everyday; formal,No,10212,4yn6GrC7rawbQjqfK
cut-pleather skirt,Navy blue,Blue,Blue,Able Sisters,All Year,Simple,everyday; formal,No,10213,o9gdhykGrGLeE45fn
cut-pleather skirt,White,White,White,Able Sisters,All Year,Simple,everyday; formal,No,10214,fAuc7GZHMFQTx4CFc
cycling shorts,Blue & red,Black,Red,Able Sisters,All Year,Active,outdoorsy; sporty,No,4514,ef7kY3mvZ7Xk5jPWa
cycling shorts,Black & blue,White,Blue,Able Sisters,All Year,Active,outdoorsy; sporty,No,11300,9vh2QAKuomxh5Kbta
cycling shorts,Black & red,White,Red,Able Sisters,All Year,Active,outdoorsy; sporty,No,11301,52MTmeEAG46xvAb9s
cycling shorts,Black & yellow,Black,Yellow,Able Sisters,All Year,Active,outdoorsy; sporty,No,11302,MFtRt3sF9Z7dEr7aN
cycling shorts,Red & green,Black,Green,Able Sisters,All Year,Active,outdoorsy; sporty,No,11303,bguvHHqsen4aQwRny
cycling shorts,Orange & red,Black,Orange,Able Sisters,All Year,Active,outdoorsy; sporty,No,11304,FoKGJ4QjcBpwydgyG
cycling shorts,Green & purple,Black,Purple,Able Sisters,All Year,Active,outdoorsy; sporty,No,11305,vrogRCEDBGCmNmfdc
cycling shorts,Purple & pink,Black,Pink,Able Sisters,All Year,Active,outdoorsy; sporty,No,11306,oYfNtrQiHbFMhT92j
dance warm-up pants,Black,Black,Yellow,Able Sisters,All Year,Active,sporty; theatrical,No,5341,ZTZwYwqz2n9qW53Mi
dance warm-up pants,White,White,Yellow,Able Sisters,All Year,Active,sporty; theatrical,No,11395,2QxKM3mAxYXq5qskp
dance warm-up pants,Purple,Purple,Yellow,Able Sisters,All Year,Active,sporty; theatrical,No,11396,q55f5tgKiTLQvpmJf
dance warm-up pants,Red,Red,Yellow,Able Sisters,All Year,Active,sporty; theatrical,No,11397,fiwEXBH5Y8oqgaDJ5
denim cutoffs,Blue,Blue,Blue,Able Sisters,All Year,Simple,everyday; vacation,No,4274,Kv8PYshxcyKKdmyhX
denim cutoffs,Light blue,Light blue,Light blue,Able Sisters,All Year,Simple,everyday; vacation,No,11437,ym3PWLnmFQcWyJ4d4
denim cutoffs,Navy blue,Blue,Blue,Able Sisters,All Year,Simple,everyday; vacation,No,11438,ypCqhyLDBAuqh4fbt
denim cutoffs,White,White,White,Able Sisters,All Year,Simple,everyday; vacation,No,11439,THnK5A7xGdsBLo8Pp
denim cutoffs,Black,Black,Black,Able Sisters,All Year,Simple,everyday; vacation,No,11440,SzPQyd6uxYRKWW8kY
denim painter's pants,Navy blue,Blue,Blue,Able Sisters,All Year,Simple,everyday; outdoorsy,No,4326,ceiiX7GP8z5jcbuTD
denim painter's pants,Light blue,Light blue,Light blue,Able Sisters,All Year,Simple,everyday; outdoorsy,No,11441,HzSnkzELNBWK4yCPF
denim painter's pants,Blue,Blue,Blue,Able Sisters,All Year,Simple,everyday; outdoorsy,No,11442,RDTrkZNQcQfic5BjR
denim painter's pants,Black,Black,Black,Able Sisters,All Year,Simple,everyday; outdoorsy,No,11443,Hjej972wpF6ACEpwh
denim painter's pants,White,White,White,Able Sisters,All Year,Simple,everyday; outdoorsy,No,11444,fjFfcnuP6AspciSsy
denim pants,Blue,Blue,Brown,Able Sisters,All Year,Simple,everyday,No,2403,DpJvPcpkWgRqisKcL
denim pants,Light blue,Light blue,Brown,Able Sisters,All Year,Simple,everyday,No,4186,izYciEGnwPJ7Erg3p
denim pants,Navy blue,Blue,Brown,Able Sisters,All Year,Simple,everyday,No,4187,zSsve7gJc6zCaLnpW
denim pants,Black,Black,Black,Able Sisters,All Year,Simple,everyday,No,4188,QgsJKasays7kidmWx
denim pants,White,White,Black,Able Sisters,All Year,Simple,everyday,No,9011,sH4QKboThjrZCQN6w
denim skirt,Blue,Blue,Blue,Able Sisters,All Year,Simple,everyday; vacation,No,4246,vfhfZyEpu3Mcf2wAy
denim skirt,Light blue,Light blue,Light blue,Able Sisters,All Year,Simple,everyday; vacation,No,11430,498nbZBktiBQLfwKp
denim skirt,Navy blue,Blue,Blue,Able Sisters,All Year,Simple,everyday; vacation,No,11431,KtBuYGSet8Encdqvy
denim skirt,Black,Black,Black,Able Sisters,All Year,Simple,everyday; vacation,No,11432,2NZnFeDdBNbi8GZSj
denim skirt,White,White,White,Able Sisters,All Year,Simple,everyday; vacation,No,11433,KSAGPGrfmWBy6pigt
dotted shorts,Black,Black,Brown,Able Sisters,All Year,Cute,party; comfy; vacation,No,4523,HuouSMhXorBsF2tf9
dotted shorts,Gray,Gray,Yellow,Able Sisters,All Year,Cute,party; comfy; vacation,No,8915,Ps3tCz2qEf8e7K4Jq
down pants,Blue,Blue,Blue,Able Sisters,Winter,Active,everyday; outdoorsy,No,4256,FzsL6Xz7obxkJrytM
down pants,Black,Black,Black,Able Sisters,Winter,Active,everyday; outdoorsy,No,11263,z233kJawJeJET3qa8
down pants,Red,Red,Red,Able Sisters,Winter,Active,everyday; outdoorsy,No,11264,y7GbDiW9p3uWGhmFE
down pants,White,White,White,Able Sisters,Winter,Active,everyday; outdoorsy,No,11265,4LAK548pbxr8HzPnb
down pants,Green,Green,Green,Able Sisters,Winter,Active,everyday; outdoorsy,No,11266,ezyQsKqbiFkxN33yb
down pants,Yellow,Yellow,Yellow,Able Sisters,Winter,Active,everyday; outdoorsy,No,11267,ndGsiwDgZcpGP69rL
down pants,Orange,Orange,Orange,Able Sisters,Winter,Active,everyday; outdoorsy,No,11268,AMTdn9MsNLKpDEWx2
down pants,Lime,Green,Green,Able Sisters,Winter,Active,everyday; outdoorsy,No,11269,fu6ZGqKNMtZQyYzq7
down skirt,Blue,Blue,Blue,Able Sisters,Winter,Active,everyday; outdoorsy,No,4266,3wL2E3cZSa4aRkHGz
down skirt,Black,Black,Black,Able Sisters,Winter,Active,everyday; outdoorsy,No,11328,dBkF3Zf6oWLg3Gt4y
down skirt,Red,Red,Red,Able Sisters,Winter,Active,everyday; outdoorsy,No,11329,QCezqDHXCah3TBZaz
down skirt,White,White,White,Able Sisters,Winter,Active,everyday; outdoorsy,No,11330,7X4aN5KCzFXWL8P9s
down skirt,Green,Green,Green,Able Sisters,Winter,Active,everyday; outdoorsy,No,11331,Hx5JtwDLQhPrihaYM
down skirt,Yellow,Yellow,Yellow,Able Sisters,Winter,Active,everyday; outdoorsy,No,11332,tvwaCKBZWKXPgnYk6
down skirt,Orange,Orange,Orange,Able Sisters,Winter,Active,everyday; outdoorsy,No,11333,6oMwW9rekLGpZTvWq
down skirt,Lime,Green,Green,Able Sisters,Winter,Active,everyday; outdoorsy,No,11334,KAqonXaQTynmzJpM6
draped skirt,Red,Red,White,Able Sisters,Summer,Simple,everyday; comfy; vacation,No,4505,yZoqHMZqpbCWxRupR
draped skirt,Green,Green,White,Able Sisters,Summer,Simple,everyday; comfy; vacation,No,11656,DM6hBScxAq4ebriqJ
draped skirt,Blue,Blue,White,Able Sisters,Summer,Simple,everyday; comfy; vacation,No,11657,zNjaggXwY25wcX5dF
draped skirt,Gray,Black,White,Able Sisters,Summer,Simple,everyday; comfy; vacation,No,11658,7Cq9eFLxn57JAcrTo
draped skirt,Orange,Orange,White,Able Sisters,Summer,Simple,everyday; comfy; vacation,No,11659,wd9z4LFNDH8LaF3JD
draped skirt,Pink,Pink,White,Able Sisters,Summer,Simple,everyday; comfy; vacation,No,11660,QEXkG9fkbrQw7d44e
draped skirt,Purple,Purple,White,Able Sisters,Summer,Simple,everyday; comfy; vacation,No,11661,m648ufsymAXe5gCT2
draped skirt,Light blue,Light blue,White,Able Sisters,Summer,Simple,everyday; comfy; vacation,No,11662,NJWeNW7PagKY9xcTv
dreamy pants,Pink,Pink,Purple,Able Sisters,Winter,Cute,fairy tale; comfy,No,5923,qxz4uFbtDijhELoSY
dreamy pants,Green,Green,Purple,Able Sisters,Winter,Cute,fairy tale; comfy,No,9194,MTyieKigAqK73aGWS
dreamy pants,Yellow,Yellow,Purple,Able Sisters,Winter,Cute,fairy tale; comfy,No,9195,2T8YtpzT8Q9JEer7j
dreamy pants,Blue,Blue,Purple,Able Sisters,Winter,Cute,fairy tale; comfy,No,9196,tqtyCzjYMSQyFc9s6
dress pants,Green,Green,Black,Able Sisters,All Year,Simple,everyday; formal,No,3405,YB8iwLz2z8nhBcNXR
dress pants,Navy blue,Blue,Black,Able Sisters,All Year,Simple,everyday; formal,No,11404,jjGzTyNa4ZaLdqJz7
dress pants,Beige,Beige,Black,Able Sisters,All Year,Simple,everyday; formal,No,11405,BZRAPb4eYcA6kcHei
dress pants,Berry red,Red,Black,Able Sisters,All Year,Simple,everyday; formal,No,11406,hGGMn4vHorqBCaPbT
elephant-print pants,Red,Red,Beige,Able Sisters,Summer,Simple,comfy; vacation,No,5735,TptfethckFaEv2umX
elephant-print pants,Blue,Blue,Light blue,Able Sisters,Summer,Simple,comfy; vacation,No,9184,vRpzBD9yEctZm3Ypg
elephant-print pants,Orange,Orange,Beige,Able Sisters,Summer,Simple,comfy; vacation,No,9185,H3xYakEHJu4PDqqBv
elephant-print pants,Green,Green,Beige,Able Sisters,Summer,Simple,comfy; vacation,No,9186,adfKNMuuNk5hnokLz
elephant-print pants,Purple,Purple,Purple,Able Sisters,Summer,Simple,comfy; vacation,No,9187,Nc42fqDjjkTbGAw5F
elephant-print pants,Black,Black,Gray,Able Sisters,Summer,Simple,comfy; vacation,No,9188,H2GKWBafcBg2xpnAv
embellished denim pants,Blue,Blue,Red,Able Sisters,All Year,Cool,everyday; outdoorsy,No,5459,nL8iXvEk3KyGuN6dN
embellished denim pants,Light blue,Light blue,White,Able Sisters,All Year,Cool,everyday; outdoorsy,No,9539,tea9oG7cEbx48Mpwd
embellished denim pants,Black,Black,Gray,Able Sisters,All Year,Cool,everyday; outdoorsy,No,9540,bHgq9muErTbDvecaH
embroidered floral skirt,Green,Green,Light blue,Able Sisters,All Year,Elegant,everyday; comfy; vacation,No,4547,3puHTTuuCW8zSegSS
embroidered floral skirt,Blue,Blue,Purple,Able Sisters,All Year,Elegant,everyday; comfy; vacation,No,8736,JAsz32D72zGzZkqus
embroidered floral skirt,Berry red,Red,Orange,Able Sisters,All Year,Elegant,everyday; comfy; vacation,No,8737,E9i6TADw7SYbhTrQx
embroidered-pattern skirt,Blue,Blue,White,Able Sisters,All Year,Simple,everyday; vacation,No,4548,rnhaZHTvdzMZBjSqQ
embroidered-pattern skirt,Green,Green,White,Able Sisters,All Year,Simple,everyday; vacation,No,8738,vGos45xxvLFD2hpNu
embroidered-pattern skirt,Red,Red,White,Able Sisters,All Year,Simple,everyday; vacation,No,8739,95X4egfZWzLpqXHnG
explorer shorts,Camel,Beige,Beige,Able Sisters,All Year,Active,outdoorsy; work,No,9841,TauZEXz8mGuXTcxy3
explorer shorts,Avocado,Green,Green,Able Sisters,All Year,Active,outdoorsy; work,No,12068,4M5CJwGuT64GeSaLQ
explorer shorts,Beige,Gray,Gray,Able Sisters,All Year,Active,outdoorsy; work,No,12069,5AftSjCxYkFX3D2T9
explorer shorts,Blue,Blue,Blue,Able Sisters,All Year,Active,outdoorsy; work,No,12070,FjY7RDn9pa37x83oK
faux-fur skirt,Light blue,Light blue,White,Able Sisters,Winter,Cute,everyday; fairy tale; party,No,5415,xC4BjxNbbBaDnSKPY
faux-fur skirt,Pink,Pink,White,Able Sisters,Winter,Cute,everyday; fairy tale; party,No,8794,DE6yhBPSroP6SSYXT
faux-fur skirt,Red,Red,White,Able Sisters,Winter,Cute,everyday; fairy tale; party,No,8795,sB4fadAttyksKamG4
faux-fur skirt,Purple,Purple,White,Able Sisters,Winter,Cute,everyday; fairy tale; party,No,8796,kMTt78m6kS9jSX6yD
faux-fur skirt,Yellow,Beige,White,Able Sisters,Winter,Cute,everyday; fairy tale; party,No,8797,nFYDGbYaJ8pX935Pa
faux-shearling skirt,Beige,Beige,White,Able Sisters,Winter,Simple,everyday; outdoorsy,No,5704,tbkDAFjHkzEi6we7W
faux-shearling skirt,Pink,Pink,White,Able Sisters,Winter,Simple,everyday; outdoorsy,No,11335,8GMFDPcrFsX3ymhzB
faux-shearling skirt,Green,Green,White,Able Sisters,Winter,Simple,everyday; outdoorsy,No,11336,2pb7ShdzGnCQPBiNW
faux-shearling skirt,Black,Black,White,Able Sisters,Winter,Simple,everyday; outdoorsy,No,11337,aCDhfD5BfTYLG3qXu
faux-shearling skirt,Gray,Gray,White,Able Sisters,Winter,Simple,everyday; outdoorsy,No,11338,QW95DS3pd7MD8WjWr
flare skirt,Red,Red,Red,Able Sisters,All Year,Simple,everyday; comfy,No,4614,aRBpzu6mqFcYYd5uP
flare skirt,Black,Black,Black,Able Sisters,All Year,Simple,everyday; comfy,No,8790,yzAzKqfeZNyMgHpXA
flare skirt,Pink,Pink,Pink,Able Sisters,All Year,Simple,everyday; comfy,No,8791,Z2cE6GSDY33GgqM85
flare skirt,Mint,Green,Green,Able Sisters,All Year,Simple,everyday; comfy,No,8792,EvfJFFcK8joNcCb2Q
flare skirt,Light blue,Light blue,Light blue,Able Sisters,All Year,Simple,everyday; comfy,No,8793,B36kirhtF9EWoiBrr
flashy slacks,White,White,Black,Able Sisters,All Year,Gorgeous,formal; party; theatrical,No,3408,5jce5PN9sChgYiXyw
flashy slacks,Black,Black,Black,Able Sisters,All Year,Gorgeous,formal; party; theatrical,No,11354,QaLiuAsBfGP7ZtYhj
flashy slacks,Purple,Purple,Black,Able Sisters,All Year,Gorgeous,formal; party; theatrical,No,11355,xu4DZY2htaXCGNDwu
flashy slacks,Berry red,Red,Black,Able Sisters,All Year,Gorgeous,formal; party; theatrical,No,11356,mcWW6kW87v3hcrNJ9
flashy slacks,Aquamarine,Green,Black,Able Sisters,All Year,Gorgeous,formal; party; theatrical,No,11357,qGu8Qna2nTnNpm4SK
flashy slacks,Yellow,Yellow,Black,Able Sisters,All Year,Gorgeous,formal; party; theatrical,No,11358,DrJANPn82YoBTnNHM
floral lace skirt,Light blue,Light blue,Light blue,Able Sisters,All Year,Elegant,everyday; fairy tale; formal; party; vacation,No,4612,ykmHyQELAhqGimL2b
floral lace skirt,Pink,Pink,Pink,Able Sisters,All Year,Elegant,everyday; fairy tale; formal; party; vacation,No,11649,9SN8GjYjQ9HnnQocy
floral lace skirt,Blue,Blue,Blue,Able Sisters,All Year,Elegant,everyday; fairy tale; formal; party; vacation,No,11650,fPevGvERgug8XMjAo
floral lace skirt,Ruby red,Red,Red,Able Sisters,All Year,Elegant,everyday; fairy tale; formal; party; vacation,No,11651,cyedaR7oqKZDDJBGo
floral lace skirt,Orange,Orange,Orange,Able Sisters,All Year,Elegant,everyday; fairy tale; formal; party; vacation,No,11652,8oa3cezyGixJNiEqu
floral lace skirt,Green,Green,Green,Able Sisters,All Year,Elegant,everyday; fairy tale; formal; party; vacation,No,11653,xze362wgyGn26qr5p
floral lace skirt,Purple,Purple,Purple,Able Sisters,All Year,Elegant,everyday; fairy tale; formal; party; vacation,No,11654,nGeDMCqd44re2bgPn
floral lace skirt,Black,Black,Black,Able Sisters,All Year,Elegant,everyday; fairy tale; formal; party; vacation,No,11655,HCxGmyoHRzEp9ZeBi
floral skirt,Light blue,Light blue,Red,Able Sisters,All Year,Elegant,everyday; fairy tale; comfy; vacation,No,5925,uvcRyALs8z7DoxquB
floral skirt,Yellow,Yellow,Pink,Able Sisters,All Year,Elegant,everyday; fairy tale; comfy; vacation,No,8755,hjXuE9nJSJqpiKpGZ
floral skirt,Pink,Pink,Purple,Able Sisters,All Year,Elegant,everyday; fairy tale; comfy; vacation,No,8756,d6ACYF3PCoekDK6Y2
football pants,Green,Green,Green,Able Sisters,All Year,Active,sporty; work,No,9844,i46kykKLdRQfv3fYD
football pants,White,White,White,Able Sisters,All Year,Active,sporty; work,No,12059,uvft6mzMCCXgEG8qq
football pants,Yellow,Yellow,Yellow,Able Sisters,All Year,Active,sporty; work,No,12060,eDDRfF8i5HCRheX2c
football pants,Berry red,Red,Red,Able Sisters,All Year,Active,sporty; work,No,12061,7C2Drte5pnG4HWur3
football pants,Blue,Blue,Blue,Able Sisters,All Year,Active,sporty; work,No,12062,5QFQRHGHvKfrGBR9P
football pants,Turquoise,Green,Green,Able Sisters,All Year,Active,sporty; work,No,12063,fZAgtpoSTH3WdpbL3
football pants,Red,Red,Red,Able Sisters,All Year,Active,sporty; work,No,12064,2medp8KJqhz6Hw5mY
football pants,Black,Black,Black,Able Sisters,All Year,Active,sporty; work,No,12065,SYWWn8sDx8HYcWq7g
formal shorts,White,White,White,Able Sisters,All Year,Simple,everyday; formal; outdoorsy; vacation,No,4372,sSaK6D3uiSjFGcAj7
formal shorts,Navy blue,Blue,Blue,Able Sisters,All Year,Simple,everyday; formal; outdoorsy; vacation,No,9092,BpHfoBBwXQ9sLTnX3
formal shorts,Pink,Pink,Pink,Able Sisters,All Year,Simple,everyday; formal; outdoorsy; vacation,No,9093,4uFHmdDXq48yrb9C6
formal shorts,Light blue,Light blue,Light blue,Able Sisters,All Year,Simple,everyday; formal; outdoorsy; vacation,No,9094,CTYcXMeRYW8vhCWCX
formal shorts,Yellow,Yellow,Yellow,Able Sisters,All Year,Simple,everyday; formal; outdoorsy; vacation,No,9095,xWcqCJyKrQXjWMP9J
formal shorts,Purple,Purple,Purple,Able Sisters,All Year,Simple,everyday; formal; outdoorsy; vacation,No,9096,B9jyFZD7bCa4wbctA
formal shorts,Lime,Green,Green,Able Sisters,All Year,Simple,everyday; formal; outdoorsy; vacation,No,9097,fCpCZoJQqTBfYLuCJ
formal shorts,Beige,Beige,Beige,Able Sisters,All Year,Simple,everyday; formal; outdoorsy; vacation,No,9098,FzZ65NjiwFekCsaBZ
frilly pants,Yellow,Yellow,Yellow,Able Sisters,All Year,Simple,everyday; vacation,No,4369,jjeTpSRC3v7tGa9Ee
frilly pants,Mint,Green,Green,Able Sisters,All Year,Simple,everyday; vacation,No,9274,4af3KswsDdeZe4dRY
frilly pants,Pink,Pink,Pink,Able Sisters,All Year,Simple,everyday; vacation,No,9275,GtwnvbEyK2jaZJGAS
frilly pants,Blue,Light blue,Light blue,Able Sisters,All Year,Simple,everyday; vacation,No,9276,Yop2kKQ7gCv8sqtdB
frilly pants,Orange,Orange,Orange,Able Sisters,All Year,Simple,everyday; vacation,No,9277,iPsftEvdnvDJsxNHG
frilly skirt,Pink,Pink,Pink,Able Sisters,All Year,Cute,everyday; fairy tale; party; comfy; theatrical,No,4410,XF4SPyL6LTtxkSYzh
frilly skirt,Blue,Blue,Blue,Able Sisters,All Year,Cute,everyday; fairy tale; party; comfy; theatrical,No,8785,fG8cCuBmuJhb58M3h
frilly skirt,Green,Green,Green,Able Sisters,All Year,Cute,everyday; fairy tale; party; comfy; theatrical,No,8786,rBjtXPf5yoDFQKtMh
frilly skirt,Orange,Orange,Orange,Able Sisters,All Year,Cute,everyday; fairy tale; party; comfy; theatrical,No,8787,vqmrggC7MyvNCDLue
frilly skirt,Purple,Purple,Purple,Able Sisters,All Year,Cute,everyday; fairy tale; party; comfy; theatrical,No,8788,3mwCvp9coRcP3ZK5z
frilly skirt,Gray,Gray,Gray,Able Sisters,All Year,Cute,everyday; fairy tale; party; comfy; theatrical,No,8789,WTKQPCEJmEDGBJSCH
frilly sweatpants,Blue,Blue,Blue,Able Sisters,All Year,Cute,everyday,No,5416,9aE5tW8ijGHNp7sEw
frilly sweatpants,Pink,Pink,Pink,Able Sisters,All Year,Cute,everyday,No,8798,goWwi5zjd3suWSKmX
frilly sweatpants,Mint,Green,Green,Able Sisters,All Year,Cute,everyday,No,8799,pZc6YBKqvipn62ZZC
frilly sweatpants,Orange,Orange,Orange,Able Sisters,All Year,Cute,everyday,No,8800,hZDnrbAHvhQzzDuit
frilly sweatpants,Purple,Purple,Purple,Able Sisters,All Year,Cute,everyday,No,8801,NJr5LGf6JRotcEcju
frilly sweatpants,Gray,Gray,Gray,Able Sisters,All Year,Cute,everyday,No,8802,frvFycyZzLin2rGxb
fringe skirt,Camel,Beige,Beige,Able Sisters,All Year,Simple,everyday; vacation,No,4307,ZsgocY2maGNpqGaxw
fringe skirt,Black,Black,Black,Able Sisters,All Year,Simple,everyday; vacation,No,10191,mv5Rh3qBvhEj2LArH
fringe skirt,White,White,White,Able Sisters,All Year,Simple,everyday; vacation,No,10192,mN2dwus9NspsZXqn2
fringe skirt,Blue,Blue,Blue,Able Sisters,All Year,Simple,everyday; vacation,No,10193,6dsgCKFzdoeKMdFru
fringe skirt,Yellow,Yellow,Yellow,Able Sisters,All Year,Simple,everyday; vacation,No,10194,8pemxX4SBT8KxNZj2
fringe skirt,Green,Green,Green,Able Sisters,All Year,Simple,everyday; vacation,No,10195,x7o3AYtAqmhXd2cCH
fringe skirt,Berry red,Red,Red,Able Sisters,All Year,Simple,everyday; vacation,No,10196,pQv6HTgKnKe8M5QiH
gaucho pants,Gray,Gray,Gray,Able Sisters,All Year,Simple,formal; work,No,4299,ucvJL5YFCQ9o2x2dM
gaucho pants,Brown,Brown,Brown,Able Sisters,All Year,Simple,formal; work,No,9266,o8D49zpNWMuHKGtEN
gaucho pants,Avocado,Green,Green,Able Sisters,All Year,Simple,formal; work,No,9267,jy7chTg2aJBN4eF8S
gaucho pants,Pink,Pink,Pink,Able Sisters,All Year,Simple,formal; work,No,9268,HFPGpyH83SfaZ4wXy
gaucho pants,Blue,Light blue,Light blue,Able Sisters,All Year,Simple,formal; work,No,9269,6zr7iP6iYPdwWKo3Y
geometric-print pants,Blue,Blue,Red,Able Sisters,Winter,Simple,everyday; comfy; vacation,No,5795,KnvsHTwKxnp4sbGyF
geometric-print pants,Red,Red,Beige,Able Sisters,Winter,Simple,everyday; comfy; vacation,No,9189,EXahMofijrzoK7d4k
geometric-print pants,Brown,Brown,Green,Able Sisters,Winter,Simple,everyday; comfy; vacation,No,9190,XD7h2WiQxjHB9YL5q
geometric-print pants,Navy blue,Black,Blue,Able Sisters,Winter,Simple,everyday; comfy; vacation,No,9191,Ba59zqpnxnoinpvA2
geometric-print pants,Orange,Orange,Green,Able Sisters,Winter,Simple,everyday; comfy; vacation,No,9192,6ihFndRxfynQpC5oe
gingham picnic skirt,Red,Red,Red,Able Sisters,All Year,Simple,everyday,No,3319,n3xXsiZ8hEZRPWYMm
gingham picnic skirt,Green,Green,Green,Able Sisters,All Year,Simple,everyday,No,12192,F4gsJR6jMnfM3Eqo8
gingham picnic skirt,Blue,Blue,Blue,Able Sisters,All Year,Simple,everyday,No,12193,oKFbmrtXNgtiTFwvn
gingham picnic skirt,Gray,Black,Black,Able Sisters,All Year,Simple,everyday,No,12194,358kKFuPBqMSY6upv
gingham picnic skirt,Orange,Orange,Orange,Able Sisters,All Year,Simple,everyday,No,12195,CXMT6SazYkYDRCGAB
gingham picnic skirt,Pink,Pink,Pink,Able Sisters,All Year,Simple,everyday,No,12196,nXgpyJEQxqSW9uW4r
gingham picnic skirt,Purple,Purple,Purple,Able Sisters,All Year,Simple,everyday,No,12197,uX8Ar954vSF79YCuX
gingham picnic skirt,Light blue,Light blue,Light blue,Able Sisters,All Year,Simple,everyday,No,12198,TybzRCu8gofwRzgXP
gobelin shorts,Beige,Beige,Pink,Able Sisters,All Year,Elegant,everyday; vacation,No,5734,ZpbzaPwWnQwfA3DME
gobelin shorts,Black,Black,Pink,Able Sisters,All Year,Elegant,everyday; vacation,No,8923,it5MgrQ7YEK2K7apb
grass skirt,Brown,Beige,Beige,Crafting,All Year,Active,outdoorsy; vacation,No,4333,F3GSr8B7zuThrFq5p
green grass skirt,Green,Green,Green,Crafting,All Year,Active,outdoorsy; vacation,No,8907,yNBwCvymEC4CDMdKq
hickory-stripe pants,Blue,Blue,Blue,Able Sisters,All Year,Simple,everyday; outdoorsy; sporty,No,4254,ad3vra7ZNB3DaC6mo
hickory-stripe pants,Light blue,Light blue,Light blue,Able Sisters,All Year,Simple,everyday; outdoorsy; sporty,No,9537,tHRqJdZkTHZxiPHjg
jogging shorts,Pink,Pink,White,Able Sisters,All Year,Active,outdoorsy; comfy; sporty,No,4195,CTx32u5FGCu5aZZuP
jogging shorts,Light blue,Light blue,White,Able Sisters,All Year,Active,outdoorsy; comfy; sporty,No,8854,cAFpLCjoHafHZtejk
jogging shorts,Lime,Green,White,Able Sisters,All Year,Active,outdoorsy; comfy; sporty,No,8855,CnPTgw8SjtrhsPJ2F
jogging shorts,Red,Red,White,Able Sisters,All Year,Active,outdoorsy; comfy; sporty,No,8856,Jn33wdEruRdfj87pA
jogging shorts,Blue,Blue,White,Able Sisters,All Year,Active,outdoorsy; comfy; sporty,No,8857,RJuwnKm9EY6HofbGE
jogging shorts,Black,Black,White,Able Sisters,All Year,Active,outdoorsy; comfy; sporty,No,8858,KcpYzXuWQAiDEsvaf
jogging shorts,Purple,Purple,White,Able Sisters,All Year,Active,outdoorsy; comfy; sporty,No,8859,Wv5cT3YE7xbjKCTR9
jogging shorts,Orange,Orange,White,Able Sisters,All Year,Active,outdoorsy; comfy; sporty,No,8860,BQNxxPe7PG7huwxS9
kilt,Red,Red,Green,Able Sisters,All Year,Simple,everyday; formal; work,No,3337,8BGPGtvekJsqBcLiQ
kilt,Black,Black,Gray,Able Sisters,All Year,Simple,everyday; formal; work,No,9239,BpTEQtbEi68wMeaL9
kilt,Navy blue,Blue,Black,Able Sisters,All Year,Simple,everyday; formal; work,No,9240,swhKFsdKc9E5g5bkS
kilt,Green,Green,Blue,Able Sisters,All Year,Simple,everyday; formal; work,No,9241,ZTaoikkNirDS3dxEF
knit pants,Gray,Gray,Gray,Able Sisters,Winter,Simple,everyday; comfy,No,5707,z6pi693sEwe2AxrAy
knit pants,Brown,Brown,Brown,Able Sisters,Winter,Simple,everyday; comfy,No,9258,EJAfqqEGESkh2oyzo
knit pants,Light blue,Light blue,Light blue,Able Sisters,Winter,Simple,everyday; comfy,No,9259,xWXnRrYrrjneP9bHB
knit pants,Red,Red,Red,Able Sisters,Winter,Simple,everyday; comfy,No,9260,PJLeRXCxuP6DJKqAY
knit skirt,Brown,Beige,Beige,Able Sisters,Winter,Simple,everyday; comfy,No,5414,F7Xac2bbWiCJCZ2C4
knit skirt,Light blue,Light blue,Light blue,Able Sisters,Winter,Simple,everyday; comfy,No,11344,whbwsoMENpvy8qHZj
knit skirt,Pink,Pink,Pink,Able Sisters,Winter,Simple,everyday; comfy,No,11345,LXBhPXRpPKmaRCdNN
knit skirt,Mustard,Yellow,Yellow,Able Sisters,Winter,Simple,everyday; comfy,No,11346,DFx48KndN2WNz75Rm
kung-fu pants,Navy blue,Blue,Blue,Able Sisters,All Year,Simple,everyday; sporty,No,4331,xT2tRs9QEz8Abq35H
kung-fu pants,White,White,Gray,Able Sisters,All Year,Simple,everyday; sporty,No,11391,gLeocYifHqdNsHEG6
kung-fu pants,Light blue,Light blue,White,Able Sisters,All Year,Simple,everyday; sporty,No,11392,t5mvyqPadXRFwiNZg
kung-fu pants,Yellow,Yellow,White,Able Sisters,All Year,Simple,everyday; sporty,No,11393,Yk52zcJ7rDsEWzMhP
kung-fu pants,Green,Green,White,Able Sisters,All Year,Simple,everyday; sporty,No,11394,EB9gbDn9bhM8TwxWo
Labelle shorts,Twilight,Purple,White,Labelle,All Year,Cool,formal; party; theatrical,No,9878,kzZZteHnKLToihQCK
Labelle shorts,Midnight,Black,White,Labelle,All Year,Cool,formal; party; theatrical,No,11736,qB4Kcq5nuibyXhCy2
Labelle shorts,Passion,Red,White,Labelle,All Year,Cool,formal; party; theatrical,No,11737,uKD3aWEBQBMHcKTT5
Labelle shorts,Ocean,Blue,White,Labelle,All Year,Cool,formal; party; theatrical,No,11738,nLHaHhD5MzAuWBxLS
Labelle shorts,Sunset,Orange,White,Labelle,All Year,Cool,formal; party; theatrical,No,11739,KohDta8WbSDqCTNTk
Labelle shorts,Love,Pink,White,Labelle,All Year,Cool,formal; party; theatrical,No,11740,6addiE89fJ9f3sn5D
Labelle skirt,Twilight,Purple,Purple,Labelle,All Year,Elegant,formal; party; theatrical,No,9879,6L6Xvpy9pNWg5Z3es
Labelle skirt,Midnight,Black,Black,Labelle,All Year,Elegant,formal; party; theatrical,No,11741,SeLCtytEtbRpQQgYx
Labelle skirt,Passion,Red,Red,Labelle,All Year,Elegant,formal; party; theatrical,No,11742,42axJbXMpeDW8dvfp
Labelle skirt,Ocean,Blue,Blue,Labelle,All Year,Elegant,formal; party; theatrical,No,11743,QHA6ZsTDp6CuEWrwJ
Labelle skirt,Sunset,Yellow,Yellow,Labelle,All Year,Elegant,formal; party; theatrical,No,11744,6AKz7auzD3F9xDbRr
Labelle skirt,Love,Pink,Pink,Labelle,All Year,Elegant,formal; party; theatrical,No,11745,xZmwSCw7o2dfPYctq
lace shorts,White,White,White,Able Sisters,Summer,Cute,everyday; fairy tale; vacation,No,4517,AX53u7EzMvfP7wrqi
lace shorts,Black,Black,Black,Able Sisters,Summer,Cute,everyday; fairy tale; vacation,No,8911,B4f5JxYbauFsp9pmH
lace shorts,Green,Green,Green,Able Sisters,Summer,Cute,everyday; fairy tale; vacation,No,8912,P5ikAFxnDHtHkWBZf
lace shorts,Pink,Pink,Pink,Able Sisters,Summer,Cute,everyday; fairy tale; vacation,No,8913,WNCDCvth9vPAX2ZNW
lace shorts,Blue,Light blue,Light blue,Able Sisters,Summer,Cute,everyday; fairy tale; vacation,No,8914,MYorobK3bYTgM8Csn
lace skirt,White,White,White,Able Sisters,Summer,Cute,everyday; fairy tale; vacation,No,3384,W9HRSi2Ksj7ZphxoY
lace skirt,Pink,Pink,Pink,Able Sisters,Summer,Cute,everyday; fairy tale; vacation,No,8904,S44D7w7Y8SR68EoqG
lace skirt,Green,Green,Green,Able Sisters,Summer,Cute,everyday; fairy tale; vacation,No,8905,HyuDmjiBppBZyRq8r
lace skirt,Beige,Beige,Beige,Able Sisters,Summer,Cute,everyday; fairy tale; vacation,No,8906,SR9z43HqSzCyD3Zuo
lemon skirt,Light blue,Light blue,Yellow,Able Sisters,Summer,Elegant,everyday; comfy; vacation,No,5874,9atjQqucTpgA2pFte
lemon skirt,White,White,Yellow,Able Sisters,Summer,Elegant,everyday; comfy; vacation,No,8753,MPGFwwDJAjWLFXuq8
lemon skirt,Black,Black,Yellow,Able Sisters,Summer,Elegant,everyday; comfy; vacation,No,8754,aLgBffim3HfTs7nGq
leopard miniskirt,Brown,Brown,Brown,Able Sisters,All Year,Cool,everyday,No,4373,WoNf9psGq2LCY3Cqx
leopard miniskirt,Gray,Gray,Black,Able Sisters,All Year,Cool,everyday,No,10197,tAZk7z6WCeXGCWqke
leopard miniskirt,Blue,Blue,Blue,Able Sisters,All Year,Cool,everyday,No,10198,vHLiK3GrTnaqwAWzD
leopard miniskirt,Lime,Green,Green,Able Sisters,All Year,Cool,everyday,No,10199,HfWYSCxn6psda7Fjc
leopard miniskirt,Purple,Purple,Purple,Able Sisters,All Year,Cool,everyday,No,10200,nbZd8jQEsyvXwS7w7
leopard miniskirt,Pink,Pink,Pink,Able Sisters,All Year,Cool,everyday,No,10201,2jJ3W7oBwpkSKicak
long chino skirt,Beige,Beige,Beige,Able Sisters,All Year,Simple,everyday; comfy,No,4257,cdSNMNyTvCycMhuNF
long chino skirt,Brown,Brown,Brown,Able Sisters,All Year,Simple,everyday; comfy,No,11141,vpATwf6eMvgw4v83c
long chino skirt,Navy blue,Blue,Blue,Able Sisters,All Year,Simple,everyday; comfy,No,11142,fcN5bye89Y5qtF58r
long chino skirt,Avocado,Green,Green,Able Sisters,All Year,Simple,everyday; comfy,No,11143,fB8CtjDLoPvBdSN59
long chino skirt,Gray,Gray,Gray,Able Sisters,All Year,Simple,everyday; comfy,No,11144,fp8R3aEpYBh62bkjj
long denim skirt,Blue,Blue,Brown,Able Sisters,All Year,Simple,everyday,No,5708,k5H7RaCmv9cXMz9YA
long denim skirt,Light blue,Light blue,Brown,Able Sisters,All Year,Simple,everyday,No,11445,FecB3dJvM7HnHxnpp
long denim skirt,Navy blue,Blue,Brown,Able Sisters,All Year,Simple,everyday,No,11446,Q2NunYCa8ga9CZTx9
long denim skirt,Black,Black,Brown,Able Sisters,All Year,Simple,everyday,No,11447,dW7XsDmjjhzaZYs4C
long denim skirt,White,White,Brown,Able Sisters,All Year,Simple,everyday,No,11448,rJMPgTcd3wnhp5RR5
long plaid skirt,Red,Red,Blue,Able Sisters,All Year,Simple,everyday; comfy,No,4374,tcAF2nzwed7veqHCf
long plaid skirt,Green,Green,Blue,Able Sisters,All Year,Simple,everyday; comfy,No,8714,sD4KPiQQaZdJqrZ72
long plaid skirt,Blue,Blue,Blue,Able Sisters,All Year,Simple,everyday; comfy,No,8715,EPcY88EucvpArMM3R
long plaid skirt,Beige,Orange,Brown,Able Sisters,All Year,Simple,everyday; comfy,No,8716,DifYjZ3fynwdRqymF
long pleated skirt,Ruby red,Red,Red,Able Sisters,All Year,Simple,everyday,No,4222,6jNhukbRYHAqtu5Hj
long pleated skirt,White,White,White,Able Sisters,All Year,Simple,everyday,No,8703,5WYCRFHmPbR2haY4a
long pleated skirt,Yellow,Yellow,Yellow,Able Sisters,All Year,Simple,everyday,No,8704,7MSYPu2thg7mm6AfS
long pleated skirt,Cyan,Light blue,Light blue,Able Sisters,All Year,Simple,everyday,No,8705,25KnhcDGdmzN9ACCx
long pleated skirt,Gray,Gray,Gray,Able Sisters,All Year,Simple,everyday,No,8706,yDt6N9sLYp2uw7QHY
long polka skirt,Black,Black,White,Able Sisters,Summer,Simple,everyday; vacation,No,4252,FSYwLYbg9L5oBw3YB
long polka skirt,Red,Red,White,Able Sisters,Summer,Simple,everyday; vacation,No,8707,CRnAjF3bQ57nQi8v3
long polka skirt,Blue,Blue,White,Able Sisters,Summer,Simple,everyday; vacation,No,8708,65RdE5YqrrBcxtnpy
long polka skirt,Green,Green,White,Able Sisters,Summer,Simple,everyday; vacation,No,8709,9CP9MMQqpvG5cieYh
long polka skirt,Orange,Orange,White,Able Sisters,Summer,Simple,everyday; vacation,No,8710,KiRJyej38jwQK5Ayp
long polka skirt,Yellow,Yellow,White,Able Sisters,Summer,Simple,everyday; vacation,No,8711,mQ4e9xpyBNoTs8xH6
long polka skirt,Pink,Pink,White,Able Sisters,Summer,Simple,everyday; vacation,No,8712,mF6a4SRs3hSkSqCp3
long polka skirt,Light blue,Light blue,White,Able Sisters,Summer,Simple,everyday; vacation,No,8713,jfPERKFf5GWQZfGaz
long sailor skirt,Navy blue,Blue,Blue,Able Sisters,All Year,Simple,everyday; formal,No,6016,X83drivyAr84upLBr
long sailor skirt,Orange,Orange,Orange,Able Sisters,All Year,Simple,everyday; formal,No,11642,c8MehxQwwwMZCbE2B
long sailor skirt,Light blue,Light blue,Light blue,Able Sisters,All Year,Simple,everyday; formal,No,11643,aNNvE2GoT4eBA7xdY
long sailor skirt,Green,Green,Green,Able Sisters,All Year,Simple,everyday; formal,No,11644,D9xKxgbGsvKPoNuB7
long sailor skirt,Brown,Brown,Brown,Able Sisters,All Year,Simple,everyday; formal,No,11645,358aZdBvabmSYLT9s
long sailor skirt,Purple,Purple,Purple,Able Sisters,All Year,Simple,everyday; formal,No,11646,DHZhEznTXwHSN3Skc
long sailor skirt,Red,Red,Red,Able Sisters,All Year,Simple,everyday; formal,No,11647,CD2sRswRDy4pZdFJB
long sailor skirt,Pink,Pink,Pink,Able Sisters,All Year,Simple,everyday; formal,No,11648,ukofZGnGSqn6hBPPm
long sweatskirt,Navy blue,Blue,Orange,Able Sisters,All Year,Active,everyday; comfy,No,5417,NSB3n8kiT27zXnbiq
long sweatskirt,Gray,Gray,Red,Able Sisters,All Year,Active,everyday; comfy,No,8724,f9Wt3Akph7spJoKS2
long sweatskirt,Green,Green,Pink,Able Sisters,All Year,Active,everyday; comfy,No,8725,xxyPoAMNBfLFHAJqL
long sweatskirt,Purple,Purple,Yellow,Able Sisters,All Year,Active,everyday; comfy,No,8726,AuYqoDaF5L3WyXxiC
muay-thai shorts,Blue,Blue,Yellow,Able Sisters,All Year,Active,comfy; sporty,No,4522,9263kuAdDrHbrgbSb
muay-thai shorts,Red,Red,Black,Able Sisters,All Year,Active,comfy; sporty,No,11947,Tr9kMKPnQwHKYLchp
muay-thai shorts,Green,Green,Red,Able Sisters,All Year,Active,comfy; sporty,No,11948,LHicMMvB8KD6bwnoH
muay-thai shorts,Purple,Purple,Pink,Able Sisters,All Year,Active,comfy; sporty,No,11949,ybd8sH8iegsSxqzsR
multicolor shorts,Green,Green,Green,Able Sisters,All Year,Active,everyday; outdoorsy; vacation,No,4371,FPSibGapXftYYcJGa
multicolor shorts,Red,Red,Orange,Able Sisters,All Year,Active,everyday; outdoorsy; vacation,No,9089,A5stfNp2Xw4JY4RHQ
multicolor shorts,Blue,Blue,Light blue,Able Sisters,All Year,Active,everyday; outdoorsy; vacation,No,9090,wpZwK6RNivMrsLF7T
multicolor shorts,Yellow,Orange,Yellow,Able Sisters,All Year,Active,everyday; outdoorsy; vacation,No,9091,eRQxH8sZXcqrBySLz
noble pants,Black,Black,Yellow,Able Sisters,All Year,Gorgeous,fairy tale; formal; party; theatrical,No,4398,rWWFgt9QoDxe6EfPA
noble pants,Ruby red,Pink,Yellow,Able Sisters,All Year,Gorgeous,fairy tale; formal; party; theatrical,No,9248,2632igFydKw3WFxHx
noble pants,White,White,Yellow,Able Sisters,All Year,Gorgeous,fairy tale; formal; party; theatrical,No,9249,vZEFsie7Fvw8enc9r
noble pants,Blue,Blue,Yellow,Able Sisters,All Year,Gorgeous,fairy tale; formal; party; theatrical,No,9250,hJKzokWv3YSPCNWBf
noble pants,Green,Green,Yellow,Able Sisters,All Year,Gorgeous,fairy tale; formal; party; theatrical,No,9251,vp8NwkMskehYgD5Qd
noble pants,Purple,Purple,Yellow,Able Sisters,All Year,Gorgeous,fairy tale; formal; party; theatrical,No,9252,Z6QuTfSDk3fdNsXkg
noble pants,Yellow,Yellow,Yellow,Able Sisters,All Year,Gorgeous,fairy tale; formal; party; theatrical,No,9253,rQEANJyC4MqRNPoDo
noble pants,Red,Red,Yellow,Able Sisters,All Year,Gorgeous,fairy tale; formal; party; theatrical,No,9254,DBAqRZ5xpjuZhFJn6
outdoor shorts,Yellow,Yellow,Yellow,Able Sisters,All Year,Active,outdoorsy; sporty,No,4472,3ofXnkcsJAo6gXNjn
outdoor shorts,Black,Black,Black,Able Sisters,All Year,Active,outdoorsy; sporty,No,6899,eKaCM9hPWebjPu9tT
outdoor shorts,Purple,Purple,Purple,Able Sisters,All Year,Active,outdoorsy; sporty,No,9121,6DYexAvj3fYuK478d
outdoor shorts,Red,Red,Red,Able Sisters,All Year,Active,outdoorsy; sporty,No,9122,rEYJZgs4HT8deTKJ9
outdoor shorts,Blue,Blue,Blue,Able Sisters,All Year,Active,outdoorsy; sporty,No,9123,4C2g2XjEPXzaa8NnA
outdoor shorts,Green,Green,Green,Able Sisters,All Year,Active,outdoorsy; sporty,No,9124,RQRHHzY2yMCNMvzk8
outdoor shorts,Brown,Brown,Brown,Able Sisters,All Year,Active,outdoorsy; sporty,No,9125,3LqkfkNH3e7fpiJeu
outdoor shorts,Yellow-green,Green,Green,Able Sisters,All Year,Active,outdoorsy; sporty,No,9126,nwCbkQf3jXtb59WMh
patched-knee pants,Brown,Brown,Orange,Able Sisters,All Year,Simple,everyday; sporty; vacation; work,No,4490,vCX28eerHYeKTPsqi
patched-knee pants,Purple,Purple,Purple,Able Sisters,All Year,Simple,everyday; sporty; vacation; work,No,9278,z9zmTFvLEecuraK3k
patched-knee pants,Green,Green,Light blue,Able Sisters,All Year,Simple,everyday; sporty; vacation; work,No,9279,nEwEXGs8HuhgFQW5e
patched-knee pants,Yellow,Yellow,Yellow,Able Sisters,All Year,Simple,everyday; sporty; vacation; work,No,9280,XcpNbTdYpMGEdXjjn
patchwork skirt,Blue,Blue,Light blue,Able Sisters,All Year,Cute,everyday; comfy; vacation,No,5544,xHB5bjnwngmR4vi8A
patchwork skirt,Red,Red,Brown,Able Sisters,All Year,Cute,everyday; comfy; vacation,No,8740,iN9SXNzomgrk4M2ht
patchwork skirt,Yellow,Yellow,Brown,Able Sisters,All Year,Cute,everyday; comfy; vacation,No,8741,yY5DKvtpH9oJ3qZ2d
patchwork skirt,Green,Green,Green,Able Sisters,All Year,Cute,everyday; comfy; vacation,No,8742,QCvXDx76yBFkAEhMs
pearl skirt,Navy blue,Blue,White,Able Sisters,All Year,Cute,fairy tale; formal; party; theatrical,No,5737,AhwjyLdd993xipZXk
petal skirt,Cool,Black,Colorful,Able Sisters,All Year,Gorgeous,party; theatrical,No,5422,JahPjXhLzEXoZ6ExE
petal skirt,Rainbow,Purple,Colorful,Able Sisters,All Year,Gorgeous,party; theatrical,No,8916,meApZdCjhq2CwthBL
petal skirt,Pastel,Light blue,Colorful,Able Sisters,All Year,Gorgeous,party; theatrical,No,8917,K39pB2sJ5TngpRNx2
pineapple aloha shorts,Blue,Blue,Light blue,Able Sisters,Summer,Active,comfy; vacation,No,4405,HgDALSLpNdPF53Fpc
pineapple aloha shorts,Red,Red,Yellow,Able Sisters,Summer,Active,comfy; vacation,No,11314,YxSWwAsdc5G4N5R5m
pineapple aloha shorts,Yellow,Yellow,Light blue,Able Sisters,Summer,Active,comfy; vacation,No,11315,xopHMsb5M5dDq58tt
pineapple aloha shorts,Green,Green,Yellow,Able Sisters,Summer,Active,comfy; vacation,No,11316,BvXFqpT2m7eqTJ7NP
pineapple aloha shorts,Purple,Purple,Light blue,Able Sisters,Summer,Active,comfy; vacation,No,11317,9vgmnf7i8HTnavG8s
pineapple aloha shorts,Pink,Pink,Orange,Able Sisters,Summer,Active,comfy; vacation,No,11318,fEcxudoTXdvSkmeyj
pineapple aloha shorts,Orange,Orange,Yellow,Able Sisters,Summer,Active,comfy; vacation,No,11319,khWybQcRhyu53FLSr
plaid shorts,Light blue,Light blue,Gray,Able Sisters,All Year,Simple,everyday; vacation,No,5664,ZjwBFB9GkmP8R5yjg
plaid shorts,Brown,Brown,Orange,Able Sisters,All Year,Simple,everyday; vacation,No,8842,XnrtJorxPR9v7shAe
plaid shorts,Light green,Green,Green,Able Sisters,All Year,Simple,everyday; vacation,No,8843,YKwxiTSXgoAWPFKto
plaid shorts,Red,Red,Pink,Able Sisters,All Year,Simple,everyday; vacation,No,8844,Bp9aGAfzBLEvcvwpS
pleather flare skirt,Brown,Brown,Brown,Able Sisters,All Year,Active,everyday; formal,No,5420,TPN77SS5XxatzMWew
pleather flare skirt,Black,Black,Black,Able Sisters,All Year,Active,everyday; formal,No,10202,htGM9L8vGuoFR7DKk
pleather flare skirt,Pink,Pink,Pink,Able Sisters,All Year,Active,everyday; formal,No,10203,w3TvbZyje7qP3N44p
pleather flare skirt,Blue,Blue,Blue,Able Sisters,All Year,Active,everyday; formal,No,10204,vPycBi7ge2sohbnvo
pleather flare skirt,Green,Green,Green,Able Sisters,All Year,Active,everyday; formal,No,10205,5T8Bf5SJcG7i9yj97
pleather flare skirt,Orange,Orange,Orange,Able Sisters,All Year,Active,everyday; formal,No,10206,NwhrhoQsg9gk9f7CM
pleather flare skirt,Light blue,Light blue,Light blue,Able Sisters,All Year,Active,everyday; formal,No,10207,yR5wmCLJXDrwenXaQ
pleather flare skirt,White,White,White,Able Sisters,All Year,Active,everyday; formal,No,10208,uEgrjZeMJ3e7R4eC7
pleather pants,Black,Black,Black,Able Sisters,All Year,Cool,everyday; outdoorsy; theatrical,No,3309,bP35TbatDbfYvtKnf
pleather pants,Brown,Brown,Brown,Able Sisters,All Year,Cool,everyday; outdoorsy; theatrical,No,11290,z9e8X9wFZPCrg7tA4
pleather pants,Beige,Beige,Beige,Able Sisters,All Year,Cool,everyday; outdoorsy; theatrical,No,11291,t2hrs4jXbseomNbXQ
pleather pants,Red,Red,Red,Able Sisters,All Year,Cool,everyday; outdoorsy; theatrical,No,11292,NbXonensSP5tBM2CN
pleather pants,Blue,Blue,Blue,Able Sisters,All Year,Cool,everyday; outdoorsy; theatrical,No,11293,jHKt5sBE7iAKewTuK
pleather pants,Yellow,Yellow,Yellow,Able Sisters,All Year,Cool,everyday; outdoorsy; theatrical,No,11294,zTrXPthFDf68646TM
pleather patch skirt,Red,Red,Blue,Able Sisters,All Year,Simple,everyday; formal,No,5811,NySzJBjXsMTQCGNjy
pleather patch skirt,Green,Green,Orange,Able Sisters,All Year,Simple,everyday; formal,No,8924,BNmxjJtsbdroNdhKT
pleather patch skirt,Purple,Purple,Gray,Able Sisters,All Year,Simple,everyday; formal,No,8925,99ESP5Hf2Wi5SutKv
pleather patch skirt,Orange,Yellow,Brown,Able Sisters,All Year,Simple,everyday; formal,No,8926,xAeahsrJHAwqmyzAe
pleather shorts,Black,Black,Gray,Able Sisters,All Year,Cool,everyday; theatrical,No,5733,Z2WQ3FgEgNyjn64Aw
pleather shorts,Brown,Brown,Gray,Able Sisters,All Year,Cool,everyday; theatrical,No,10209,sLoDrhfzS9Pk4788p
pleather shorts,White,White,Gray,Able Sisters,All Year,Cool,everyday; theatrical,No,10210,NBMNXkpsrnwQzibw6
pleather shorts,Red,Red,Gray,Able Sisters,All Year,Cool,everyday; theatrical,No,10211,WkWMgRDdSTye4TanN
pleather skirt,Black,Black,Black,Able Sisters,All Year,Cool,everyday; outdoorsy,No,4303,bbp2oY3uiJ78Fh2hu
pleather skirt,Brown,Brown,Brown,Able Sisters,All Year,Cool,everyday; outdoorsy,No,11339,rQsphhQso2iJuokec
pleather skirt,Beige,Beige,Beige,Able Sisters,All Year,Cool,everyday; outdoorsy,No,11340,YwDYs47GmtDhWxkgK
pleather skirt,Red,Red,Red,Able Sisters,All Year,Cool,everyday; outdoorsy,No,11341,EzdXWvjrxrmeTJrnk
pleather skirt,Blue,Blue,Blue,Able Sisters,All Year,Cool,everyday; outdoorsy,No,11342,GHeYLdmbkk4kPeQHW
pleather skirt,Yellow,Yellow,Yellow,Able Sisters,All Year,Cool,everyday; outdoorsy,No,11343,9XQaakSQTH2T5DxXn
plover skirt,Red,Red,Beige,Able Sisters,Winter,Cute,everyday; formal; party; work,No,5448,gmwjCKN8CboekoKNQ
plover skirt,Black,Black,Beige,Able Sisters,Winter,Cute,everyday; formal; party; work,No,11320,78XYLC6DFW9fJviyz
plover skirt,Green,Green,Beige,Able Sisters,Winter,Cute,everyday; formal; party; work,No,11321,vLCToaQtCvuvRFmqj
polka-dot mini skirt,Beige,Beige,Beige,Able Sisters,All Year,Simple,everyday; vacation,No,12173,nWDWH2bcEL7bqwLMW
polka-dot mini skirt,Pink,Pink,Pink,Able Sisters,All Year,Simple,everyday; vacation,No,12176,z7dHdbw4CRczuZuMu
polka-dot mini skirt,Blue,Light blue,Light blue,Able Sisters,All Year,Simple,everyday; vacation,No,12177,xnauur6Y9BjK7sJSz
polka-dot mini skirt,Gray,Gray,Gray,Able Sisters,All Year,Simple,everyday; vacation,No,12178,33jjvbydtzk72BH8m
punk pants,Red,Red,Red,Able Sisters,All Year,Cool,everyday; theatrical,No,4485,TY3EBjn9hvr43exS6
punk pants,Blue,Blue,Blue,Able Sisters,All Year,Cool,everyday; theatrical,No,9255,QgPvp3JrDjBGLhdQT
punk pants,Green,Green,Green,Able Sisters,All Year,Cool,everyday; theatrical,No,9256,6DEDkvEpmai59G4DP
punk pants,Purple,Purple,Purple,Able Sisters,All Year,Cool,everyday; theatrical,No,9257,TBfvBpGGmFwwWw8sC
rain pants,Yellow,Yellow,Yellow,Able Sisters,All Year,Simple,outdoorsy,No,5413,A7GARcaHCbPx6sJZR
rain pants,Green,Green,Green,Able Sisters,All Year,Simple,outdoorsy,No,11412,Rjqup8NERDnQmiXWp
rain pants,Blue,Blue,Blue,Able Sisters,All Year,Simple,outdoorsy,No,11413,D5ormZj6xJ4QbbsoP
rain pants,Purple,Purple,Purple,Able Sisters,All Year,Simple,outdoorsy,No,11414,PsQrgPtMnwE2HZ4EN
rain pants,Pink,Pink,Pink,Able Sisters,All Year,Simple,outdoorsy,No,11415,CB6pFsd7zA4XQePf5
rain pants,Red,Red,Red,Able Sisters,All Year,Simple,outdoorsy,No,11416,fTSGagzSQshQWFaLQ
rain pants,Beige,Beige,Beige,Able Sisters,All Year,Simple,outdoorsy,No,11417,B2PKcrDBGwAvHTDD9
rain pants,Black,Black,Black,Able Sisters,All Year,Simple,outdoorsy,No,11418,EksjCmE54EnF6Whgy
sailor skirt,Navy blue,Blue,Blue,Able Sisters,All Year,Simple,everyday; formal,No,3341,yyQMMTYNGy7cbs2io
sailor skirt,Orange,Orange,Orange,Able Sisters,All Year,Simple,everyday; formal,No,11635,Kq8WayHX2g9FdWQAR
sailor skirt,Light blue,Light blue,Light blue,Able Sisters,All Year,Simple,everyday; formal,No,11636,v9amX7ZmthPWsQnpv
sailor skirt,Green,Green,Green,Able Sisters,All Year,Simple,everyday; formal,No,11637,pwSRnvR5A9iHGCnto
sailor skirt,Brown,Brown,Brown,Able Sisters,All Year,Simple,everyday; formal,No,11638,vAu3YFBGbgpEZf4g4
sailor skirt,Purple,Purple,Purple,Able Sisters,All Year,Simple,everyday; formal,No,11639,Y7AR5HNuEjHdc5Tzo
sailor skirt,Red,Red,Red,Able Sisters,All Year,Simple,everyday; formal,No,11640,GjeJ8AiZA2wz9Amrx
sailor skirt,Pink,Pink,Pink,Able Sisters,All Year,Simple,everyday; formal,No,11641,ttwGFMpPXQjHJdxuP
satin pants,Green,Green,Green,Able Sisters,All Year,Simple,everyday; formal; party,No,4593,GxjYkjG67sTMf7Bph
satin pants,Blue,Blue,Blue,Able Sisters,All Year,Simple,everyday; formal; party,No,9719,Cv73Mivga3BMPQi6Y
satin pants,Light purple,Purple,Purple,Able Sisters,All Year,Simple,everyday; formal; party,No,9720,s7c8KYtvMbvpWS4Fa
satin pants,Pink,Pink,Pink,Able Sisters,All Year,Simple,everyday; formal; party,No,9721,wuRwD6B6TKJzDKN2Z
satin pants,Dark red,Red,Red,Able Sisters,All Year,Simple,everyday; formal; party,No,9722,ejhLLbFYyibcmLk76
satin pants,Ruby red,Red,Red,Able Sisters,All Year,Simple,everyday; formal; party,No,9723,tcX5Dbdo9GqKajYFZ
satin pants,Brown,Brown,Brown,Able Sisters,All Year,Simple,everyday; formal; party,No,9724,BsHXxcYcWHPisPBpN
school pants,Black,Black,Blue,Able Sisters,All Year,Simple,everyday; formal,No,5873,jRJWoEy8giJ8vTfeW
school pants,Berry red,Red,Blue,Able Sisters,All Year,Simple,everyday; formal,No,11398,K5wigHETture6F8WJ
school pants,Green,Green,Blue,Able Sisters,All Year,Simple,everyday; formal,No,11399,s2QgJ5xFH2X9ChNFK
school pants,White,White,Blue,Able Sisters,All Year,Simple,everyday; formal,No,11400,yzSg5aLnmRQPFMq9G
school pants,Purple,Purple,Blue,Able Sisters,All Year,Simple,everyday; formal,No,11401,aPrngiviQRAuYXBKg
school pants,Gray,Gray,Blue,Able Sisters,All Year,Simple,everyday; formal,No,11402,DBdd789ANhHo6Rioa
school pants,Blue,Blue,Blue,Able Sisters,All Year,Simple,everyday; formal,No,11403,4csWpqivK7ihagJ5N
silk floral-print pants,Pink,Pink,Yellow,Able Sisters,All Year,Cute,everyday,No,4329,GySRYxWcFCDwjcTrN
silk floral-print pants,Blue,Blue,Yellow,Able Sisters,All Year,Cute,everyday,No,11379,3kcrgRouLd9EdNPhP
silk floral-print pants,Mustard,Yellow,Yellow,Able Sisters,All Year,Cute,everyday,No,11380,8PZtKDYDJxzJrSMG5
silk floral-print pants,Gray,Gray,Yellow,Able Sisters,All Year,Cute,everyday,No,11381,AdAkpgTXeSK38wECL
silk floral-print pants,Purple,Purple,Yellow,Able Sisters,All Year,Cute,everyday,No,11382,QztuYyBLJwHvejBBL
silk floral-print pants,Green,Green,Yellow,Able Sisters,All Year,Cute,everyday,No,11383,mCqZoXsD39DPcKxuf
silk floral-print pants,Orange,Orange,Yellow,Able Sisters,All Year,Cute,everyday,No,11384,pFvaJEThJ2ELDxzEi
silk pants,Green,Green,Yellow,Able Sisters,All Year,Elegant,everyday; formal,No,4330,P5xEL333ZPeSTDXsJ
silk pants,Red,Red,Yellow,Able Sisters,All Year,Elegant,everyday; formal,No,11359,KicyT4MA4AMQyHX7W
silk pants,Blue,Blue,Yellow,Able Sisters,All Year,Elegant,everyday; formal,No,11360,LxC4HNJtfJbvAGqpJ
silk pants,Yellow,Yellow,Yellow,Able Sisters,All Year,Elegant,everyday; formal,No,11361,n7o6oSLQRmybRvvhP
silk pants,Black,Black,Yellow,Able Sisters,All Year,Elegant,everyday; formal,No,11362,hMNpGQLuNCaddRo3Y
ski pants,Turquoise,Green,Blue,Able Sisters,Winter,Active,outdoorsy; sporty,No,4450,veCodAXXupKXyHvW2
ski pants,Red,Orange,Light blue,Able Sisters,Winter,Active,outdoorsy; sporty,No,11407,D4QQiQZNBmEs4ZBp4
ski pants,Ruby red,Pink,Purple,Able Sisters,Winter,Active,outdoorsy; sporty,No,11408,nDiGP8wp2Zrsxbqnt
ski pants,Blue,Blue,Green,Able Sisters,Winter,Active,outdoorsy; sporty,No,11409,Qh9i4Py67kRJM9uEu
ski pants,Light blue,Light blue,Red,Able Sisters,Winter,Active,outdoorsy; sporty,No,11410,7r5tu9eNC49zqu69c
ski pants,Yellow,Yellow,Pink,Able Sisters,Winter,Active,outdoorsy; sporty,No,11411,MXkckHi2iqMPvo9JN
slacks,Black,Black,Brown,Able Sisters,All Year,Simple,formal; party; work,No,3310,JodCXpM9mB63mpKBq
slacks,Gray,Gray,Brown,Able Sisters,All Year,Simple,formal; party; work,No,11277,QtRvky3BhimPDzHQ5
slacks,Blue,Light blue,Brown,Able Sisters,All Year,Simple,formal; party; work,No,11278,BBdY6xFyKd7NFi9Sq
slacks,Red,Red,Brown,Able Sisters,All Year,Simple,formal; party; work,No,11279,NxbZ4kY7Jc5BEHKcw
slacks,Navy blue,Blue,Brown,Able Sisters,All Year,Simple,formal; party; work,No,11280,uruX8srKHwkmgGaMp
slacks,Beige,Beige,Brown,Able Sisters,All Year,Simple,formal; party; work,No,11281,5inNgsCdz53jbj3DA
slacks,White,White,Brown,Able Sisters,All Year,Simple,formal; party; work,No,11282,guZekCACL5z9X2eWg
soccer shorts,Green,Green,Green,Able Sisters,All Year,Active,sporty; work,No,9840,FrC7cM8Wayr7jjgfk
soccer shorts,Red,Red,Red,Able Sisters,All Year,Active,sporty; work,No,12071,AetZbMxSdazTnAtgE
soccer shorts,Navy blue,Blue,Blue,Able Sisters,All Year,Active,sporty; work,No,12072,eQ6czDsneCgGYKgpP
soccer shorts,Blue,Blue,Blue,Able Sisters,All Year,Active,sporty; work,No,12073,kfwPmWexXT2RBKvxF
soccer shorts,Light blue,Light blue,Light blue,Able Sisters,All Year,Active,sporty; work,No,12074,6GvhiTLPC4f6DziZD
soccer shorts,White,White,White,Able Sisters,All Year,Active,sporty; work,No,12075,bf8ML7toRrpW6eWca
soccer shorts,Orange,Orange,Orange,Able Sisters,All Year,Active,sporty; work,No,12076,TJgJtXnWygz45W6Rx
soccer shorts,Black,Black,Black,Able Sisters,All Year,Active,sporty; work,No,12077,BFPsmjvrrcu74Lo6r
spangle shorts,Red,Red,Red,Able Sisters,All Year,Gorgeous,party; theatrical,No,5723,Ebx86H8miQETsNzrN
spangle shorts,Navy blue,Blue,Blue,Able Sisters,All Year,Gorgeous,party; theatrical,No,9177,jj7Gpk9hu654MnBkp
spangle shorts,Gold,Yellow,Yellow,Able Sisters,All Year,Gorgeous,party; theatrical,No,9178,yGeKmvaR5AnguvsGG
spangle shorts,Silver,Gray,Gray,Able Sisters,All Year,Gorgeous,party; theatrical,No,9179,cCGawq7fuvSd9tDSm
spangle shorts,Black,Black,Black,Able Sisters,All Year,Gorgeous,party; theatrical,No,9180,yyi6FBSXf28PSSyN8
spangle shorts,Pink,Pink,Pink,Able Sisters,All Year,Gorgeous,party; theatrical,No,9181,NS33yYMvjCer5kP4d
spangle shorts,Green,Green,Green,Able Sisters,All Year,Gorgeous,party; theatrical,No,9182,ZbAbTKd9Az3S9x6FE
spangle shorts,Purple,Purple,Purple,Able Sisters,All Year,Gorgeous,party; theatrical,No,9183,qMrKr2APmp4KYqTij
sporty skirt,Gray,Gray,Gray,Able Sisters,All Year,Simple,everyday; comfy,No,4283,bRuo3F5XTqxuiPQiv
sporty skirt,Pink,Pink,Pink,Able Sisters,All Year,Simple,everyday; comfy,No,9245,P5FeggP5bCffv2Ypo
sporty skirt,Blue,Light blue,Light blue,Able Sisters,All Year,Simple,everyday; comfy,No,9246,BA4eMwwegF4WMRM9T
sporty skirt,Green,Green,Green,Able Sisters,All Year,Simple,everyday; comfy,No,9247,DNqwHFm5KbZJgZFs4
striped bell-bottoms,Yellow,Yellow,White,Able Sisters,All Year,Elegant,party; theatrical,No,5724,ZmwMF86vxKmEyiitP
striped bell-bottoms,Red,Red,Blue,Able Sisters,All Year,Elegant,party; theatrical,No,8851,db24g2WEcY7WSkfwt
striped bell-bottoms,Green,Green,Blue,Able Sisters,All Year,Elegant,party; theatrical,No,8852,yJZjSfnbT8sinEnKE
striped bell-bottoms,Orange,Orange,White,Able Sisters,All Year,Elegant,party; theatrical,No,8853,otYfpq53PEEzrJgfC
striped pants,Blue,Blue,White,Able Sisters,All Year,Simple,everyday; comfy; vacation,No,3312,nQCk2KLZAN67hyYNr
striped pants,Orange,Orange,White,Able Sisters,All Year,Simple,everyday; comfy; vacation,No,9235,FY3CHREweJxMhafhc
striped pants,Green,Green,White,Able Sisters,All Year,Simple,everyday; comfy; vacation,No,9236,ae64JHvFiDgE8roow
striped pants,Red,Red,White,Able Sisters,All Year,Simple,everyday; comfy; vacation,No,9237,bm2eXt7CEb4d3uXpG
striped pants,Black,Black,White,Able Sisters,All Year,Simple,everyday; comfy; vacation,No,9238,xm3zxASYwjThmz2cq
striped shorts,Pink,Pink,Colorful,Able Sisters,All Year,Cute,party; theatrical; vacation,No,5705,LDhAEhqfkHmbMc355
striped shorts,Blue,Blue,Colorful,Able Sisters,All Year,Cute,party; theatrical; vacation,No,8845,xtJBJ2Ju9CTJrErmd
striped shorts,Red,Red,Colorful,Able Sisters,All Year,Cute,party; theatrical; vacation,No,8846,r9Tu7SgxzGRRu9rWx
striped shorts,Yellow,Yellow,Colorful,Able Sisters,All Year,Cute,party; theatrical; vacation,No,8847,pcJZrB7EQYmoev9FD
surfing shorts,Blue,Light blue,Blue,Able Sisters,Summer,Active,outdoorsy; sporty; vacation,No,4515,gxEHYhqPKdQhML9vk
surfing shorts,Purple,Purple,Purple,Able Sisters,Summer,Active,outdoorsy; sporty; vacation,No,9103,R626fn6vEPWWe5tZ6
surfing shorts,Green,Green,Green,Able Sisters,Summer,Active,outdoorsy; sporty; vacation,No,9104,erBndA9ARkAhRLNaq
surfing shorts,Pink,Pink,Red,Able Sisters,Summer,Active,outdoorsy; sporty; vacation,No,9105,zSokS7N87o5jGQ4mY
surfing shorts,Gray,Gray,Black,Able Sisters,Summer,Active,outdoorsy; sporty; vacation,No,9106,8XhmzxJgexm9z8msw
sweatpants,Gray,Gray,Gray,Able Sisters,All Year,Active,everyday; comfy,No,3296,6vXpJD8d5FigCEy5P
sweatpants,Red,Red,Red,Able Sisters,All Year,Active,everyday; comfy,No,11270,yHDfpDWP95QuXhaDa
sweatpants,Green,Green,Green,Able Sisters,All Year,Active,everyday; comfy,No,11271,dNxcC2F2sX8SKCGcS
sweatpants,Blue,Blue,Blue,Able Sisters,All Year,Active,everyday; comfy,No,11272,xkKian3gZK9WHskDM
sweatpants,Yellow,Yellow,Yellow,Able Sisters,All Year,Active,everyday; comfy,No,11273,GQnNhQ3D3PikwSBnb
sweatpants,Pink,Pink,Pink,Able Sisters,All Year,Active,everyday; comfy,No,11274,w6K4J796mGsnTo9oA
sweatpants,Light blue,Light blue,Light blue,Able Sisters,All Year,Active,everyday; comfy,No,11275,ZkTbFE58B96GLabag
sweatpants,Black,Black,Black,Able Sisters,All Year,Active,everyday; comfy,No,11276,4dW56Dhznhjn5H9Ce
tennis skirt,White,White,Blue,Able Sisters,All Year,Active,everyday; comfy,No,4223,cPZdHk6QxtxFF5gFW
tennis skirt,Navy blue,Blue,White,Able Sisters,All Year,Active,outdoorsy; sporty,No,8782,TdeZ9cmn3ejB6FRJv
tennis skirt,Light blue,Light blue,Blue,Able Sisters,All Year,Active,outdoorsy; sporty,No,8783,NRzStqGcSJDW7ppGo
tennis skirt,Pink,Pink,White,Able Sisters,All Year,Active,outdoorsy; sporty,No,8784,HBatHaLp6us4m4Ky2
terry-cloth shorts,Pink,Pink,Pink,Able Sisters,Winter,Cute,fairy tale; comfy; vacation,No,5711,HE5xJzP3Yu9ifJ745
terry-cloth shorts,Blue,Light blue,Light blue,Able Sisters,Winter,Cute,fairy tale; comfy; vacation,No,8848,xiZ7C3vewcTv5ieS7
terry-cloth shorts,Purple,Purple,Purple,Able Sisters,Winter,Cute,fairy tale; comfy; vacation,No,8849,3EDZEAy5bTgcdL7JZ
terry-cloth shorts,Green,Green,Green,Able Sisters,Winter,Cute,fairy tale; comfy; vacation,No,8850,JfpSFkXks6w2SBcLy
three-quarter sweatpants,Mint,Green,White,Able Sisters,All Year,Active,comfy; sporty,No,5702,nyq9B6mTWidH5n5Hr
three-quarter sweatpants,Pink,Pink,White,Able Sisters,All Year,Active,comfy; sporty,No,11365,q6JKSrekYwPqEnzNE
three-quarter sweatpants,Light blue,Light blue,White,Able Sisters,All Year,Active,comfy; sporty,No,11366,9vxQkDJ3YatsGKFT6
three-quarter sweatpants,Orange,Orange,White,Able Sisters,All Year,Active,comfy; sporty,No,11367,r66CBfx8CCMJqouer
three-quarter sweatpants,Black,Black,White,Able Sisters,All Year,Active,comfy; sporty,No,11368,fvsCZqn4eTCqReEkZ
three-quarter sweatpants,Yellow,Yellow,White,Able Sisters,All Year,Active,comfy; sporty,No,11369,j57w2BL4LfQd74sBz
three-quarter sweatpants,Red,Red,White,Able Sisters,All Year,Active,comfy; sporty,No,11370,CwAYu5ihqHrTJsLd6
three-quarter sweatpants,Purple,Purple,White,Able Sisters,All Year,Active,comfy; sporty,No,11371,K6mjpxubY7xd7kqQR
tie-dye skirt,Red,Red,Light blue,Able Sisters,Summer,Active,comfy; vacation,No,5826,64MqcXfrSPMMREAwK
tie-dye skirt,Blue,Blue,Orange,Able Sisters,Summer,Active,comfy; vacation,No,8749,zid6BqnPPQF97NPD5
tie-dye skirt,Green,Green,Pink,Able Sisters,Summer,Active,comfy; vacation,No,8750,DCixrf33EkNYAPPMu
tie-dye skirt,Purple,Purple,Yellow,Able Sisters,Summer,Active,comfy; vacation,No,8751,g68iEhnysuFYgBup3
tie-dye skirt,Orange,Orange,Green,Able Sisters,Summer,Active,comfy; vacation,No,8752,pv3PKQHvmpeoM6gzn
tiered skirt,Purple,Pink,Pink,Able Sisters,All Year,Simple,everyday; fairy tale; comfy; vacation,No,4502,Pz7hCfPExX8cCPgAH
tiered skirt,Mint,Light blue,Light blue,Able Sisters,All Year,Simple,everyday; fairy tale; comfy; vacation,No,8717,4gXPrDgHyZWEuArER
tiered skirt,Avocado,Green,Green,Able Sisters,All Year,Simple,everyday; fairy tale; comfy; vacation,No,8718,sWk6G7Ceqv8Lqeg58
tiered skirt,Yellow,Yellow,Yellow,Able Sisters,All Year,Simple,everyday; fairy tale; comfy; vacation,No,8719,5KhcEe8DJ4CSjNiW5
tiered skirt,Blue,Blue,Blue,Able Sisters,All Year,Simple,everyday; fairy tale; comfy; vacation,No,8720,QrMtzDRxGF75foy3F
torn pants,Brown,Brown,Brown,Recycle bin,All Year,Simple,goth,No,5701,kepGvoJ3xHFXLwJvp
torn pants,Black,Black,Black,Recycle bin,All Year,Simple,goth,No,9281,PZRnJXs8sxPCC4vE6
torn pants,Gray,Gray,Gray,Recycle bin,All Year,Simple,goth,No,9282,vwftSXCSwsCsBmbhx
track pants,Navy blue,Blue,Light blue,Able Sisters,All Year,Active,outdoorsy; sporty,No,3335,E5cqgBweC9ZF5FMSD
track pants,Gray,Gray,Pink,Able Sisters,All Year,Active,outdoorsy; sporty,No,11284,eeoJ3osaNohwGSTGY
track pants,White,White,Pink,Able Sisters,All Year,Active,outdoorsy; sporty,No,11285,cBhfnx7gfTtAvhKfn
track pants,Red,Orange,Black,Able Sisters,All Year,Active,outdoorsy; sporty,No,11286,ZGcTAcZBmqoX5YpjF
track pants,Light blue,Blue,Black,Able Sisters,All Year,Active,outdoorsy; sporty,No,11287,5sxwPtzDZrnYXhXFt
track pants,Green,Green,White,Able Sisters,All Year,Active,outdoorsy; sporty,No,11288,sPMQyoZ37nXmWbsjR
track pants,Blue,Blue,Orange,Able Sisters,All Year,Active,outdoorsy; sporty,No,11289,TfdjQjZwcyLSuGhhX
traditional monpe pants,Dark blue,Blue,Red,Able Sisters,All Year,Simple,outdoorsy; work,No,5412,zSGaTZdYFkmwDmJu6
traditional monpe pants,Blue,Blue,Orange,Able Sisters,All Year,Simple,outdoorsy; work,No,9169,yYKvjhWMEQWmu4poE
traditional monpe pants,Golden yellow,Orange,Orange,Able Sisters,All Year,Simple,outdoorsy; work,No,9170,uc6hPSAoDQama7Chm
traditional monpe pants,Dark red,Red,Orange,Able Sisters,All Year,Simple,outdoorsy; work,No,9171,zXtA37muiXwm2ckoc
traditional suteteko pants,Red,Red,Red,Able Sisters,All Year,Simple,comfy; vacation,No,5460,CcYr85ukPhHrzjxBc
traditional suteteko pants,Yellow-green,Green,Green,Able Sisters,All Year,Simple,comfy; vacation,No,9172,LZ3W8iFp5Arqhwr5Z
traditional suteteko pants,Golden yellow,Orange,Orange,Able Sisters,All Year,Simple,comfy; vacation,No,9173,rZqvuYXYNABTwadnN
traditional suteteko pants,Purple,Purple,Purple,Able Sisters,All Year,Simple,comfy; vacation,No,9174,kBfBhnTkPJGfcP8Z6
traditional suteteko pants,Aqua,Light blue,Light blue,Able Sisters,All Year,Simple,comfy; vacation,No,9175,J7mpdWGdfKPQxChAN
traditional suteteko pants,Blue,Blue,Blue,Able Sisters,All Year,Simple,comfy; vacation,No,9176,vjQJNB2qSRWD8Ngzi
tweed frilly skirt,Brown,Brown,Brown,Able Sisters,All Year,Cute,everyday; fairy tale; formal,No,4428,x2BD6PuvAkPaiHBKy
tweed frilly skirt,Gray,Gray,Black,Able Sisters,All Year,Cute,everyday; fairy tale; formal,No,8908,uFSa6h3JWJQkvJJNm
tweed frilly skirt,Pink,Pink,Brown,Able Sisters,All Year,Cute,everyday; fairy tale; formal,No,8909,5bCqs8Mhmvdx2RJtM
tweed frilly skirt,Blue,Light blue,Blue,Able Sisters,All Year,Cute,everyday; fairy tale; formal,No,8910,qiEHXLZMNSvNXKPFh
tweed pants,Brown,Brown,Brown,Able Sisters,All Year,Simple,everyday; formal,No,3708,5Sj3iH6txuoZtZMBn
tweed pants,Blue,Blue,Blue,Able Sisters,All Year,Simple,everyday; formal,No,11386,iQyXbdEtJx9ktr3dc
tweed pants,Beige,Beige,Beige,Able Sisters,All Year,Simple,everyday; formal,No,11387,QnThywpsT9priJobB
tweed pants,Berry red,Red,Red,Able Sisters,All Year,Simple,everyday; formal,No,11388,xjPKcWq6iPa78S2Tw
tweed pants,Green,Green,Green,Able Sisters,All Year,Simple,everyday; formal,No,11389,kNaAeauZPyZdMddcA
tweed pants,Pink,Pink,Pink,Able Sisters,All Year,Simple,everyday; formal,No,11390,7j9P7XnEhBzScs6bf
tweed skirt,Yellow,Yellow,Green,Able Sisters,All Year,Simple,everyday,No,3297,irSR7thcoG4kKqsJ8
tweed skirt,Pink,Pink,Blue,Able Sisters,All Year,Simple,everyday,No,11666,TDmgEAYemyAsKAMdu
tweed skirt,Blue,Blue,Yellow,Able Sisters,All Year,Simple,everyday,No,11667,XhB9sFiNSsDJvYJBT
two-tone pants,Blue,Blue,Black,Able Sisters,All Year,Active,everyday,No,4185,FH9WFq9jSFsRXLpkw
two-tone pants,Monotone,Gray,Black,Able Sisters,All Year,Active,everyday; comfy,No,3317,Rzfvg3L7AhnCBQu3h
two-tone pants,Red,Red,Black,Able Sisters,All Year,Active,everyday; comfy,No,4184,egAw2r93TF3R65Zn2
two-tone pants,Yellow,Yellow,Light blue,Able Sisters,All Year,Active,everyday; comfy,No,4183,TGuTEn7Ecjbqb6P6M
upcycled skirt,Beige,Beige,White,Able Sisters,All Year,Simple,everyday; fairy tale; party,No,5449,ZwXhjeFgdvZZjBKMY
upcycled skirt,Pink,Pink,White,Able Sisters,All Year,Simple,everyday; fairy tale; party,No,8918,ALCuuNzoKWhf8ehqY
upcycled skirt,Mint,Light blue,White,Able Sisters,All Year,Simple,everyday; fairy tale; party,No,8919,LTbPzFTGxS8hfw22Z
vibrant shorts,Orange,Orange,Green,Able Sisters,All Year,Active,outdoorsy; vacation,No,4487,Z2az8LxLzPu5FrK22
vibrant shorts,Avocado,Green,Orange,Able Sisters,All Year,Active,outdoorsy; vacation,No,9099,xRBvYGAfeNWCW7dYd
vibrant shorts,Pink,Pink,Green,Able Sisters,All Year,Active,outdoorsy; vacation,No,9100,QmYhJsSGSGSCCSmQ7
vibrant shorts,Blue,Blue,Yellow,Able Sisters,All Year,Active,outdoorsy; vacation,No,9101,xRPSWLKrorEfK5hcf
vibrant shorts,Black,Black,Gray,Able Sisters,All Year,Active,outdoorsy; vacation,No,9102,MEDYoymwJwwReCkxz
western pants,Brown,Brown,Blue,Able Sisters,All Year,Active,outdoorsy; work,No,3463,eAfvmW3BYiuPEh7GD
wide chino pants,Brown,Brown,Brown,Able Sisters,All Year,Simple,everyday; outdoorsy,No,5285,EmJsQ4gnatKFANNWK
wide chino pants,Beige,Beige,Beige,Able Sisters,All Year,Simple,everyday; outdoorsy,No,11150,fa4HcJC7BaR5YhPNp
wide chino pants,Navy blue,Blue,Blue,Able Sisters,All Year,Simple,everyday; outdoorsy,No,11151,EczowvXpswDM3TZEY
wide chino pants,Avocado,Green,Green,Able Sisters,All Year,Simple,everyday; outdoorsy,No,11152,r74mKfXWrf6j6Lj3y
wide chino pants,Gray,Gray,Gray,Able Sisters,All Year,Simple,everyday; outdoorsy,No,11153,yjPwZ3zQJA3PpDaZz
workout pants,Lime,Black,Green,Able Sisters,All Year,Active,outdoorsy; sporty; work,No,5721,yYrLfinoqTdxksHAm
workout pants,Pink,Black,Pink,Able Sisters,All Year,Active,outdoorsy; sporty; work,No,11363,ePFPGnTiii8QC2zhc
workout pants,Orange,Black,Orange,Able Sisters,All Year,Active,outdoorsy; sporty; work,No,11364,wESNkSTHEJroSFYjN
worn-out cutoffs,Light blue,Light blue,Light blue,Able Sisters,Summer,Cool,everyday; vacation,No,4251,7QRfaFs7ZYcnyn55v
worn-out cutoffs,Blue,Blue,Blue,Able Sisters,Summer,Cool,everyday; vacation,No,11434,MpngYTiKXh3JMMjtP
worn-out cutoffs,White,White,White,Able Sisters,Summer,Cool,everyday; vacation,No,11435,hypdwpnkKJusfEFEj
worn-out cutoffs,Black,Black,Black,Able Sisters,Summer,Cool,everyday; vacation,No,11436,ru9teEwCJsaBhpsAt
worn-out jeans,Light blue,Light blue,Light blue,Able Sisters,All Year,Cool,everyday; outdoorsy,No,3313,JhGC2ifiRnfSPvAyL
worn-out jeans,Blue,Blue,Blue,Able Sisters,All Year,Cool,everyday; outdoorsy,No,11427,RPkPvmzue9Qv5fvhv
worn-out jeans,White,White,White,Able Sisters,All Year,Cool,everyday; outdoorsy,No,11428,B7P4b6wMaPXZnZ7iv
worn-out jeans,Black,Black,Black,Able Sisters,All Year,Cool,everyday; outdoorsy,No,11429,HtDFpJdmRMruqoD6W
yacht shorts,Light blue,Light blue,Yellow,Able Sisters,Summer,Cute,comfy; vacation,No,4370,QjdSSCSF9XYsJE24c
yacht shorts,Red,Red,Green,Able Sisters,Summer,Cute,comfy; vacation,No,8861,XWv6onJTs5ohuDqWP
yacht shorts,Pink,Pink,Light blue,Able Sisters,Summer,Cute,comfy; vacation,No,8862,a229KAJ53nBYbMx8K
yacht shorts,Purple,Purple,Pink,Able Sisters,Summer,Cute,comfy; vacation,No,8863,FxpA7aZnQmEj9kJJb
