Name,Variation,Color 1,Color 2,Source,Seasonal Availability,Style,Label Themes,Type,Internal ID,Unique Entry ID
acorn knit cap,Chestnut,Brown,Brown,Able Sisters,All Year,Cute,everyday; comfy,HeadCap,5315,awiucsYWz5zP8GpRg
acorn knit cap,Mustard,Yellow,Yellow,Able Sisters,All Year,Cute,everyday; comfy,HeadCap,10933,ezAwHKyeN45mGvvpH
acorn knit cap,Avocado,Green,Green,Able Sisters,All Year,Cute,everyday; comfy,HeadCap,10934,we44e3C8foQySY2y7
acorn knit cap,Berry red,Red,Red,Able Sisters,All Year,Cute,everyday; comfy,HeadCap,10935,EfbMmL5YGZYtZNgHe
acorn knit cap,Navy blue,Blue,Blue,Able Sisters,All Year,Cute,everyday; comfy,HeadCap,10936,FYrdavXDtZWRQ2MqQ
acorn knit cap,Cream,Beige,Beige,Able Sisters,All Year,Cute,everyday; comfy,HeadCap,10937,XTXWXam7Wjt59MTr8
alpinist hat,Green,Green,Green,Gulliver,All Year,Simple,everyday; formal,HeadCap,5295,mYej2cYc7x6mGC8Dj
alpinist hat,Blue,Blue,Light blue,Gulliver,All Year,Simple,everyday; formal,HeadCap,11884,e45yoPx7fjTd9cSwk
alpinist hat,Red,Red,Pink,Gulliver,All Year,Simple,everyday; formal,HeadCap,11885,mKejTXKMxXnRBkk4B
ancient administrator hat,Black,Black,Black,Gulliver,All Year,Elegant,formal; work,HeadCap,6048,BNBBbdP7uZbY2r3zw
apple hat,Red,Red,Yellow,Crafting,All Year,Cute,fairy tale; party; theatrical,HeadCap,9871,rEpxF8jscsm4fwjSf
Aran-knit cap,White,White,White,Able Sisters,Winter,Simple,everyday; outdoorsy; comfy,HeadCap,9864,6Zi8WYr34D8niHAnC
Aran-knit cap,Red,Red,Red,Able Sisters,Winter,Simple,everyday; outdoorsy; comfy,HeadCap,12045,uFfoH47SuuTmAzaXG
Aran-knit cap,Blue,Blue,Blue,Able Sisters,Winter,Simple,everyday; outdoorsy; comfy,HeadCap,12046,jeSebE2Y5fYhTj22k
Aran-knit cap,Green,Green,Green,Able Sisters,Winter,Simple,everyday; outdoorsy; comfy,HeadCap,12047,fnowt95fR7QRBrux7
baby's hat,Baby mint,Light blue,White,Able Sisters,All Year,Cute,comfy,Headgear_HasBang,5363,rv9rW8dCfB8k73Hzr
baby's hat,Baby purple,Pink,White,Able Sisters,All Year,Cute,comfy,Headgear_HasBang,11853,5939Ws882wTSv7sJK
baby's hat,Baby yellow,Yellow,White,Able Sisters,All Year,Cute,comfy,Headgear_HasBang,11854,qk3PJdK2SZK4vsFKo
baby's hat,Baby green,Green,White,Able Sisters,All Year,Cute,comfy,Headgear_HasBang,11855,hADTfx6Y2hKri4obE
baby's hat,Baby pink,Red,White,Able Sisters,All Year,Cute,comfy,Headgear_HasBang,11856,wyPrRhtyyMtn7Hy3Y
baby's hat,Baby gray,Beige,White,Able Sisters,All Year,Cute,comfy,Headgear_HasBang,11857,7FLgET2RH6aejsb8v
baby's hat,Baby blue,Blue,White,Able Sisters,All Year,Cute,comfy,Headgear_HasBang,11858,qHj5WWwZRstJtjP2d
baby's hat,Baby orange,Orange,White,Able Sisters,All Year,Cute,comfy,Headgear_HasBang,11859,Pf6AxNWkC8D4BBoEN
balloon hat,Rainbow,Colorful,Colorful,Able Sisters,All Year,Active,party; theatrical,HeadCap,5340,Y2LX2RKY9fu4DtjFs
balloon hat,Orange,Orange,Pink,Able Sisters,All Year,Active,party; theatrical,HeadCap,11050,rWRnH9TkRg3o9xDJQ
balloon hat,Blue,Blue,Purple,Able Sisters,All Year,Active,party; theatrical,HeadCap,11051,oKbK2uhkLaQaRnpWW
balloon hat,Green,Green,Yellow,Able Sisters,All Year,Active,party; theatrical,HeadCap,11052,CwDPA4FeLvQ44QncE
bamboo hat,Beige,Beige,Beige,Crafting,All Year,Simple,fairy tale; outdoorsy,HeadCap,5143,ehxYwYvtXQ5wyi3pQ
barrette,Pink,Pink,White,Able Sisters,All Year,Elegant,everyday; fairy tale; party,HeadHairOrnament_Back,9860,BK2NAfuYfrr4womPM
baseball cap,Red,Red,Red,Able Sisters,All Year,Active,outdoorsy; sporty; work,HeadCap,9763,Yt7QudxePYGMbwcWt
baseball cap,Navy blue,Blue,Blue,Able Sisters,All Year,Active,outdoorsy; sporty; work,HeadCap,12092,PomndWn5sqv7fZ86a
baseball cap,Green,Green,Green,Able Sisters,All Year,Active,outdoorsy; sporty; work,HeadCap,12093,xYaGzJECou3ALoBz4
baseball cap,Orange,Black,Orange,Able Sisters,All Year,Active,outdoorsy; sporty; work,HeadCap,12094,HE8xZkXbRspp6qgoE
baseball cap,Yellow,Black,Yellow,Able Sisters,All Year,Active,outdoorsy; sporty; work,HeadCap,12095,rci5SRCfQ3Hre9vsT
batter's helmet,Red,Red,Red,Able Sisters,All Year,Active,sporty; work,Headgear_NoEar,5366,5YfnKAsTFYFEyGCJb
batter's helmet,Navy blue,Blue,Blue,Able Sisters,All Year,Active,sporty; work,Headgear_NoEar,11596,zRQ6hi9FeiQcLXwzH
batter's helmet,Green,Green,Green,Able Sisters,All Year,Active,sporty; work,Headgear_NoEar,11597,GfWeB9jgoCTfuG9Lv
batter's helmet,Orange,Black,Orange,Able Sisters,All Year,Active,sporty; work,Headgear_NoEar,11598,ohKfr9GPDP7QdRSnC
batter's helmet,Yellow,Black,Yellow,Able Sisters,All Year,Active,sporty; work,Headgear_NoEar,11599,4bFJaJ5S9qqevW4sx
bear cap,Brown,Brown,Beige,Able Sisters,All Year,Cute,fairy tale; party; theatrical,Headgear_HasBang,5330,qmkSD7yKDpFvdxcPK
bear cap,Black,Black,Beige,Able Sisters,All Year,Cute,fairy tale; party; theatrical,Headgear_HasBang,11704,6Lrqy6EP9zYBc9Cvj
bear cap,Pink,Pink,Beige,Able Sisters,All Year,Cute,fairy tale; party; theatrical,Headgear_HasBang,11705,CK638wXoN5uPsRbYJ
bear cap,Blue,Light blue,White,Able Sisters,All Year,Cute,fairy tale; party; theatrical,Headgear_HasBang,11706,MfoAxTnsMmTQBic6g
beret,Berry red,Red,Red,Able Sisters,All Year,Elegant,everyday; formal; party,HeadCap,5260,iPsbB4mbQ899q2j57
beret,Blue,Blue,Blue,Able Sisters,All Year,Elegant,everyday; formal; party,HeadCap,11523,9CLccmJpKhs7z7GsP
beret,Green,Green,Green,Able Sisters,All Year,Elegant,everyday; formal; party,HeadCap,11524,39uW3hcrPpBpudJrm
beret,Mustard,Yellow,Yellow,Able Sisters,All Year,Elegant,everyday; formal; party,HeadCap,11525,gW77mBgBYahG3WcYf
beret,Gray,Gray,Gray,Able Sisters,All Year,Elegant,everyday; formal; party,HeadCap,11526,RumHCxfL5TsdeSodA
beret,White,White,White,Able Sisters,All Year,Elegant,everyday; formal; party,HeadCap,11527,4cJGWuLDDa2emHT9H
bicycle helmet,Blue,Light blue,Black,Able Sisters,All Year,Active,sporty,HeadCap,5282,kWrRgRFJ8PYExJvL6
bicycle helmet,Navy blue,Blue,Black,Able Sisters,All Year,Active,sporty,HeadCap,10219,tXGWFr2hrkQg6XgKy
bicycle helmet,Red,Red,Black,Able Sisters,All Year,Active,sporty,HeadCap,10220,QDn7xQHdWZ6xPh3BT
bicycle helmet,Lime,Yellow,Black,Able Sisters,All Year,Active,sporty,HeadCap,10221,mM2hGRaCP5ZaDdab6
bicycle helmet,Green,Green,Black,Able Sisters,All Year,Active,sporty,HeadCap,10222,qqDW5HCEQdMJx5H5B
bicycle helmet,Orange,Orange,Black,Able Sisters,All Year,Active,sporty,HeadCap,10223,4GFrms76iFwwqSCkm
bicycle helmet,Purple,Purple,Black,Able Sisters,All Year,Active,sporty,HeadCap,10224,D2BTXoTXvvGwzyyuF
bicycle helmet,Pink,Pink,Black,Able Sisters,All Year,Active,sporty,HeadCap,10225,RZCHqdZeoMmDoGm4m
birthday hat,Blue,Light blue,White,Birthday,All Year,Gorgeous,party,HeadCap,4800,zndsngwExKbWTahZf
birthday hat,Yellow,Yellow,White,Birthday,All Year,Gorgeous,party,HeadCap,11031,KxQKjRzS2zDaXTS38
birthday hat,Pink,Pink,White,Birthday,All Year,Gorgeous,party,HeadCap,11032,SHSKySrv2c9QJHFbt
blue rose crown,Blue,Blue,Blue,Crafting,All Year,Cute,fairy tale; party; vacation,HeadHairOrnament_Top,7377,FMTDb2CYPMNxEfjTu
bowler hat with ribbon,Blue,Light blue,Light blue,Able Sisters,All Year,Elegant,fairy tale; formal; party,HeadCap,5296,WERjZwsMPdiWTSW75
bowler hat with ribbon,Beige,Beige,Beige,Able Sisters,All Year,Elegant,fairy tale; formal; party,HeadCap,10882,Zw2YFExjKxhPLh8m9
bowler hat with ribbon,Green,Green,Green,Able Sisters,All Year,Elegant,fairy tale; formal; party,HeadCap,10883,X7h5XGKTRyvZYhKvz
bowler hat with ribbon,Red,Red,Red,Able Sisters,All Year,Elegant,fairy tale; formal; party,HeadCap,10884,DXBymHgCPFMRd9ruP
bowler hat with ribbon,Pink,Pink,Pink,Able Sisters,All Year,Elegant,fairy tale; formal; party,HeadCap,10885,S6CNHQKo3qjp4rYvW
bridal veil,,White,Colorful,Wedding Season,All Year,Elegant,,Headgear_HasEar,5692,8bavS95pnPk55RWhq
bun wig,Pink,Pink,Colorful,Able Sisters,All Year,Cute,theatrical,Headgear_HasEar,5693,3dY6G9juEFXKBWDjL
bun wig,Blue,Blue,Colorful,Able Sisters,All Year,Cute,theatrical,Headgear_HasEar,11888,SyzZ7uDqxmmvT5oWR
bun wig,Mustard,Yellow,Colorful,Able Sisters,All Year,Cute,theatrical,Headgear_HasEar,11889,cLo5L7JBf2GSajf58
bun wig,White,White,Colorful,Able Sisters,All Year,Cute,theatrical,Headgear_HasEar,11890,iHzbGt8cd8noNaNhK
bun wig,Purple,Purple,Colorful,Able Sisters,All Year,Cute,theatrical,Headgear_HasEar,11891,EB9fqNu8wNpRwg8j7
bun wig,Green,Green,Colorful,Able Sisters,All Year,Cute,theatrical,Headgear_HasEar,11892,MaH5ns6crjCLnh4Xv
bun wig,Orange,Orange,Colorful,Able Sisters,All Year,Cute,theatrical,Headgear_HasEar,11893,Xi5zbpjv8DuMCGhSg
Bunny Day crown,NA,Colorful,Colorful,Crafting,All Year,Elegant,fairy tale; party; theatrical,HeadHairOrnament_Top,12445,22fHRtAozAf9F7KAP
bunny ears,Black,Black,Black,Able Sisters,All Year,Cute,fairy tale; party; theatrical,HeadHairOrnament_Front,7209,guAKXMvkQjACjCeko
bunny ears,Pink,Pink,Pink,Able Sisters,All Year,Cute,fairy tale; party; theatrical,HeadHairOrnament_Front,11902,ejbHqhzuDWKeRTJHB
bunny ears,Red,Red,Red,Able Sisters,All Year,Cute,fairy tale; party; theatrical,HeadHairOrnament_Front,11903,Cp6KkLFeWf2ZjrxGG
bunny ears,Light blue,Light blue,Light blue,Able Sisters,All Year,Cute,fairy tale; party; theatrical,HeadHairOrnament_Front,11904,vEGFBZeC8cs8uSHYX
bunny hood,Pink,Pink,Pink,Able Sisters,All Year,Cute,fairy tale; party,Headgear_HasBang,5325,kAc5WJ4RdbdwRZviu
bunny hood,Yellow,Yellow,Yellow,Able Sisters,All Year,Cute,fairy tale; party,Headgear_HasBang,11700,56pSbKmverxwgoWyA
bunny hood,White,White,Light blue,Able Sisters,All Year,Cute,fairy tale; party,Headgear_HasBang,11701,yspHESBTkZq8CtqQ2
captain's hat,White,White,Black,Able Sisters,All Year,Cool,formal; work,HeadCap,5332,hKr3Y4nRnRQQji93W
cat cap,Navy blue,Blue,Pink,Able Sisters,All Year,Cute,fairy tale; party; theatrical,Headgear_HasBang,5326,CJzRXGT2fjMnB3Rgh
cat cap,Brown,Brown,Pink,Able Sisters,All Year,Cute,fairy tale; party; theatrical,Headgear_HasBang,11702,dsjqz48SY6TcQ7X7e
cat cap,White,White,Pink,Able Sisters,All Year,Cute,fairy tale; party; theatrical,Headgear_HasBang,11703,vHB8gJoaSPoCJGkLz
catcher's mask,Red,Red,Red,Able Sisters,All Year,Active,sporty; work,HeadFullFace,6050,8zmdbp2tBykZTALsA
catcher's mask,Navy blue,Blue,Blue,Able Sisters,All Year,Active,sporty; work,HeadFullFace,11600,T5gi3Ez88i5d6CGsS
catcher's mask,Green,Green,Green,Able Sisters,All Year,Active,sporty; work,HeadFullFace,11601,nP3Qibz6spPJjfzuf
catcher's mask,Orange,Black,Orange,Able Sisters,All Year,Active,sporty; work,HeadFullFace,11602,FiRH6PxvgXwf7RXFL
catcher's mask,Yellow,Black,Yellow,Able Sisters,All Year,Active,sporty; work,HeadFullFace,11603,c9D7iWahWWuwwBhWm
cavalier hat,Blue,Blue,Yellow,Able Sisters,All Year,Elegant,fairy tale; theatrical,HeadCap,5663,LiyDo5B8daue2r4yx
cavalier hat,Red,Red,Yellow,Able Sisters,All Year,Elegant,fairy tale; theatrical,HeadCap,11807,jpuz4JgbGnmndBnrF
cavalier hat,Green,Green,Yellow,Able Sisters,All Year,Elegant,fairy tale; theatrical,HeadCap,11808,7Hsa64WDuBsf9EWNk
chef's hat,White,White,White,Able Sisters,All Year,Simple,work,HeadCap,5140,nEKEfN4THZSYy2Fam
cherry hat,Red,Red,Green,Crafting,All Year,Cute,fairy tale; party; theatrical,HeadCap,9873,zAezFwCd6zTXDiLmH
chic mum crown,Colorful,Pink,Purple,Crafting,All Year,Cute,fairy tale; party; vacation,HeadHairOrnament_Top,5118,k3yYLEyKr9hmD482c
chic rose crown,Purple,Purple,Black,Crafting,All Year,Cute,fairy tale; party; vacation,HeadHairOrnament_Top,5113,AFGYn6gsbgZv7hR7h
chic tulip crown,Colorful,Purple,Pink,Crafting,All Year,Cute,fairy tale; party; vacation,HeadHairOrnament_Top,5103,egj5MuWKmQwuikuhY
coin headpiece,Gold,Yellow,Colorful,Gulliver,All Year,Gorgeous,theatrical,Headgear_NoEar,6091,gZaTz678JajwxN46E
colorful striped knit cap,Red,Red,Colorful,Able Sisters,Winter,Cute,everyday; outdoorsy,HeadCap,5409,9g2SAsCcRPBDN3a98
colorful striped knit cap,Blue,Blue,Colorful,Able Sisters,Winter,Cute,everyday; outdoorsy,HeadCap,10957,MNneFtRkQ4zH3N8TD
colorful striped knit cap,Green,Green,Colorful,Able Sisters,Winter,Cute,everyday; outdoorsy,HeadCap,10958,JvH9LbcQAaF3dFonA
colorful striped knit cap,Yellow,Yellow,Colorful,Able Sisters,Winter,Cute,everyday; outdoorsy,HeadCap,10959,5umtCd4PB35mTEBfk
colorful striped knit cap,Purple,Purple,Colorful,Able Sisters,Winter,Cute,everyday; outdoorsy,HeadCap,10960,kjWy2e4uNkWHZ3o3p
colorful striped knit cap,Light blue,Light blue,Colorful,Able Sisters,Winter,Cute,everyday; outdoorsy,HeadCap,10961,Q2bPLK8wsnwGPMxN9
combat helmet,Avocado,Green,Green,Able Sisters,All Year,Active,outdoorsy,HeadCap,5316,bThWbsCsNjRFycArk
combat helmet,Brown,Black,Brown,Able Sisters,All Year,Active,outdoorsy,HeadCap,10226,4xSCqGw5N8a9AxF6i
composer's wig,Hair Color,Colorful,Colorful,Able Sisters,All Year,Elegant,fairy tale; formal; party; theatrical; work,Headgear_NoEar,5696,kmehP3Am6XP3sH2KN
cool hyacinth crown,Blue,Blue,Orange,Crafting,All Year,Cute,fairy tale; party; vacation,HeadHairOrnament_Top,5097,95vRHFGEYo5ZGQssX
cool pansy crown,Colorful,Red,Blue,Crafting,All Year,Cute,fairy tale; party; vacation,HeadHairOrnament_Top,5106,GyeNhCRzLNF33hKqh
cool windflower crown,Colorful,Pink,Blue,Crafting,All Year,Cute,fairy tale; party; vacation,HeadHairOrnament_Top,5100,8gj25M44duF3QM6Cu
cosmos crown,Colorful,Colorful,Colorful,Crafting,All Year,Cute,fairy tale; party; vacation,HeadHairOrnament_Top,5108,jF2NZPn7WLhoNzDic
crown,Gold,Yellow,Yellow,Able Sisters,All Year,Gorgeous,fairy tale; formal; party; theatrical,HeadHairOrnament_Peak,8000,HsmAmzyoymYTYqKFg
cute lily crown,Colorful,Pink,Orange,Crafting,All Year,Cute,fairy tale; party; vacation,HeadHairOrnament_Top,5115,7asbWZybHzvF3zE7j
cute rose crown,Colorful,Pink,Orange,Crafting,All Year,Cute,fairy tale; party; vacation,HeadHairOrnament_Top,5112,Fj9YYwxNxHsQEy9vv
cycling cap,Blue,White,Blue,Able Sisters,All Year,Active,outdoorsy; sporty,HeadCap,5257,3E8cqPTbQkn6s782m
cycling cap,Black & blue,Blue,Black,Able Sisters,All Year,Active,outdoorsy; sporty,HeadCap,11668,nyyNBZsvn3jwbZ4Gd
cycling cap,Black & red,Red,Black,Able Sisters,All Year,Active,outdoorsy; sporty,HeadCap,11669,TpW8PjjyqbTLYpSPi
cycling cap,Yellow & avocado,Black,Yellow,Able Sisters,All Year,Active,outdoorsy; sporty,HeadCap,11670,r6hDFg37Hgnjd5vTd
cycling cap,Red & green,Green,Red,Able Sisters,All Year,Active,outdoorsy; sporty,HeadCap,11671,GFa3NnPb5qaci6X8N
cycling cap,Red,Red,Orange,Able Sisters,All Year,Active,outdoorsy; sporty,HeadCap,11672,joTipBDN2YiPMpAe4
cycling cap,Lime & purple,Purple,Green,Able Sisters,All Year,Active,outdoorsy; sporty,HeadCap,11673,atXoAhZPftSWwfuNn
cycling cap,Blue & purple,Pink,Purple,Able Sisters,All Year,Active,outdoorsy; sporty,HeadCap,11674,Gqg3MTGrfcxQEzgDw
DAL cap,Blue,Blue,Yellow,Dodo Airlines,All Year,Simple,outdoorsy; sporty; vacation,HeadCap,12132,HmDxQzzqcLnkqBTAc
dandy hat,Camel,Brown,Brown,Able Sisters,All Year,Elegant,everyday,HeadCap,5333,2BeZbWe4SHpLpCYy3
dandy hat,Blue,Light blue,Light blue,Able Sisters,All Year,Elegant,everyday,HeadCap,11531,3wDCpqJQpzaj9CxYk
dandy hat,Green,Green,Green,Able Sisters,All Year,Elegant,everyday,HeadCap,11532,HbA8YckX9QtLbKrTp
dandy hat,Purple,Purple,Purple,Able Sisters,All Year,Elegant,everyday,HeadCap,11533,ETjNE3CojZXppAi7y
dandy hat,Gray,Gray,Gray,Able Sisters,All Year,Elegant,everyday,HeadCap,11534,wQ6Su5qGTyjJmy5g4
dandy hat,White,White,White,Able Sisters,All Year,Elegant,everyday,HeadCap,11535,4mb7j2hfguEA5wZ5k
dark cosmos crown,Dark red,Red,Red,Crafting,All Year,Cute,fairy tale; party; vacation,HeadHairOrnament_Top,5110,jx7LXntCK2GiwXTo7
dark lily crown,Dark red,Red,Black,Crafting,All Year,Cute,fairy tale; party; vacation,HeadHairOrnament_Top,5116,tQPbQCDeX6muarGM2
dark tulip crown,Dark red,Red,Black,Crafting,All Year,Cute,fairy tale; party; vacation,HeadHairOrnament_Top,5104,b4SfkEZZkMpc9qPDu
denim cap,Blue,Blue,Blue,Able Sisters,All Year,Simple,everyday; outdoorsy; sporty,HeadCap,5256,eZgTWRWftQMBQQ7es
denim cap,Light blue,Light blue,Light blue,Able Sisters,All Year,Simple,everyday; outdoorsy; sporty,HeadCap,11520,mavAuYBGHCsYFM2TX
denim cap,Black,Black,Black,Able Sisters,All Year,Simple,everyday; outdoorsy; sporty,HeadCap,11521,ceSm5pXs7zvDcNQN9
denim cap,White,White,White,Able Sisters,All Year,Simple,everyday; outdoorsy; sporty,HeadCap,11522,hPaLtTcNfhbbDvwDj
detective hat,Brown,Brown,Brown,Able Sisters,All Year,Elegant,work,HeadCap,5371,SXLWLFCCLsThXCtvb
detective hat,Gray,Gray,Gray,Able Sisters,All Year,Elegant,work,HeadCap,11819,hG3EBHxFL38zt2KaF
detective hat,Beige,Beige,Beige,Able Sisters,All Year,Elegant,work,HeadCap,11820,omkTsG5zKQggz5kh6
DJ cap,Blue,Blue,Gray,Able Sisters,All Year,Simple,everyday; comfy; sporty,Headgear_HasBang,5682,m2A9G6oaXagTxdqBL
DJ cap,Pink,Pink,Gray,Able Sisters,All Year,Simple,everyday; comfy; sporty,Headgear_HasBang,11536,nSjJxHePsoxyZkCBv
DJ cap,Orange,Orange,Gray,Able Sisters,All Year,Simple,everyday; comfy; sporty,Headgear_HasBang,11537,5p3Q6mLEqr2CC7zRS
DJ cap,Black,Black,Gray,Able Sisters,All Year,Simple,everyday; comfy; sporty,Headgear_HasBang,11538,goCGnSxhi3dXDzWrb
do-rag,Yellow,Yellow,White,Able Sisters,All Year,Simple,work,HeadCap,5145,REoEqtTNsTJMRwEbK
do-rag,Blue,Blue,White,Able Sisters,All Year,Simple,work,HeadCap,10744,Hit7pRscB5rzESY7p
do-rag,Red,Red,White,Able Sisters,All Year,Simple,work,HeadCap,10745,59YYmLu9PCXhnG7rQ
do-rag,Pink,Pink,White,Able Sisters,All Year,Simple,work,HeadCap,10746,nHiB24TbQu6WZiKWt
do-rag,Black,Black,White,Able Sisters,All Year,Simple,work,HeadCap,10747,kMwprrwYCa7gHoxwd
do-rag,Purple,Purple,White,Able Sisters,All Year,Simple,work,HeadCap,10748,2T2zrhHDbm9g7JPgL
do-rag,Green,Green,White,Able Sisters,All Year,Simple,work,HeadCap,10749,ZkS777yWnbeDvLwRs
do-rag,Beige,Beige,White,Able Sisters,All Year,Simple,work,HeadCap,10750,4DbxvejJF4rG9XJN8
dotted shower cap,Pink,Pink,Pink,Able Sisters,All Year,Simple,comfy,HeadCap,5298,8r6Dii3ZfTYyRTTjq
dotted shower cap,Blue,Light blue,Light blue,Able Sisters,All Year,Simple,comfy,HeadCap,10825,EdHBGXayXrAsHKEBr
earth-egg shell,None,Red,Yellow,Crafting,All Year,Active,fairy tale; party; theatrical,HeadCap,12439,h6ryjyiv5qwNZm9eB
egg party hat,None,Colorful,Colorful,Crafting,All Year,Gorgeous,fairy tale; party; theatrical,HeadCap,12446,Bb3qhdGwvMtNwT5GZ
eggshell,White,White,White,Able Sisters,All Year,Simple,fairy tale; party; theatrical,HeadCap,5642,TEiK2TDpJv6JHYgrp
elder mask,White,Beige,Black,Gulliver,All Year,Elegant,goth; theatrical,HeadFace,6035,bh3dK6zyGkdsDwhkr
elegant hat,Purple,Purple,Purple,Able Sisters,All Year,Elegant,fairy tale; formal; party; theatrical,HeadCap,5351,f7zQnF4fRqSuATtXx
elegant hat,Green,Green,Green,Able Sisters,All Year,Elegant,fairy tale; formal; party; theatrical,HeadCap,10888,QduKLLEmHAAHLo3C3
elegant hat,Red,Red,Red,Able Sisters,All Year,Elegant,fairy tale; formal; party; theatrical,HeadCap,10889,GWEAhf57GwXo3boXZ
elegant hat,White,White,White,Able Sisters,All Year,Elegant,fairy tale; formal; party; theatrical,HeadCap,10890,u4Sb2dKkCR7iMQxWC
elegant hat,Black,Black,Black,Able Sisters,All Year,Elegant,fairy tale; formal; party; theatrical,HeadCap,10891,mjttiaNjDvBNuTRZk
explorer's hat,Camel,Beige,Beige,Able Sisters,All Year,Active,outdoorsy; work,HeadCap,5136,Ja3vyxddBABXJdnyQ
explorer's hat,Avocado,Green,Green,Able Sisters,All Year,Active,outdoorsy; work,HeadCap,11809,Ydh2XcTMXEErnPn5x
explorer's hat,Beige,Gray,Gray,Able Sisters,All Year,Active,outdoorsy; work,HeadCap,11810,u2tGd3cFjEEuDmKPy
explorer's hat,Blue,Blue,Blue,Able Sisters,All Year,Active,outdoorsy; work,HeadCap,11811,TyiG26o9CgAF2h8LA
fairy-tale hood,Red,Red,Red,Able Sisters,All Year,Cute,fairy tale; theatrical,Headgear_HasBang,5323,p3AtA6bS7YcZLq3Qw
fairy-tale hood,Pink,Pink,Pink,Able Sisters,All Year,Cute,fairy tale; theatrical,Headgear_HasBang,11836,sR9v8xTFNRtNbKmG5
fairy-tale hood,Yellow,Yellow,Yellow,Able Sisters,All Year,Cute,fairy tale; theatrical,Headgear_HasBang,11837,Wx5B35p2xXLd5mPnC
fairy-tale hood,Green,Green,Green,Able Sisters,All Year,Cute,fairy tale; theatrical,Headgear_HasBang,11838,s27b2n9G7LNTDLeCh
fairy-tale hood,Blue,Blue,Blue,Able Sisters,All Year,Cute,fairy tale; theatrical,Headgear_HasBang,11839,f6NNsRJYLfGSDpmNC
fairy-tale hood,Light blue,Light blue,Light blue,Able Sisters,All Year,Cute,fairy tale; theatrical,Headgear_HasBang,11840,zDirv3XciaScThq7G
fairy-tale hood,Light green,Green,Green,Able Sisters,All Year,Cute,fairy tale; theatrical,Headgear_HasBang,11841,8vyq8tmyGc6iYFr4a
fairy-tale hood,Orange,Orange,Orange,Able Sisters,All Year,Cute,fairy tale; theatrical,Headgear_HasBang,11842,yKxdQZF5kp4m8Wsss
faux-fur hat,Beige,Beige,Beige,Able Sisters,Winter,Elegant,everyday; formal; party,HeadCap,5144,6ZgCgtCnoJFuj6jxf
faux-fur hat,Brown,Brown,Brown,Able Sisters,Winter,Elegant,everyday; formal; party,HeadCap,10920,MXLMvkhrb8dS8RExf
faux-fur hat,Gray,Gray,Gray,Able Sisters,Winter,Elegant,everyday; formal; party,HeadCap,10921,dhSRykyYK42XHEST5
faux-fur hat,Black,Black,Black,Able Sisters,Winter,Elegant,everyday; formal; party,HeadCap,10922,Zc3ysPxiArnwyNZPd
faux-fur hat,Pink,Pink,Pink,Able Sisters,Winter,Elegant,everyday; formal; party,HeadCap,10923,g2SpDCL9RQKeo8DXL
faux-fur hat,White,White,White,Able Sisters,Winter,Elegant,everyday; formal; party,HeadCap,10924,om6xFnwFeAiAbCEdX
faux-fur hat,Red,Red,Red,Able Sisters,Winter,Elegant,everyday; formal; party,HeadCap,10925,vpdiNfhXdPmamBECw
fedora,Beige,Beige,Brown,Able Sisters,All Year,Cool,everyday; formal; work,HeadCap,5301,JBBdsfZAd7BjXcyko
fedora,Black,Black,Gray,Able Sisters,All Year,Cool,everyday; formal; work,HeadCap,11045,zTSoW9sFAM4jqkCmD
fedora,Green,Green,Black,Able Sisters,All Year,Cool,everyday; formal; work,HeadCap,11046,nwx3eQHk7YjNCAHzw
fedora,Gray,Gray,Black,Able Sisters,All Year,Cool,everyday; formal; work,HeadCap,11047,EX6P3biqxQkLeapFs
fedora,White,White,Gray,Able Sisters,All Year,Cool,everyday; formal; work,HeadCap,11048,MMhwGN3er9uwzDxF5
fedora,Red,Red,Black,Able Sisters,All Year,Cool,everyday; formal; work,HeadCap,11049,wB4FD2KQdHdz2FZwQ
firefighter's hat,Black,Black,Black,Able Sisters,All Year,Active,work,Headgear_HasBang,5374,cR8NwZTuWmdYG35Jj
firefighter's hat,Flame orange,Orange,Black,Able Sisters,All Year,Active,work,Headgear_HasBang,11617,ojPEDB7k3osmjq82R
firefighter's hat,Brown,Brown,Black,Able Sisters,All Year,Active,work,Headgear_HasBang,11618,47iL65Sp7sTq2dw6Y
firefighter's hat,Lime yellow,Yellow,Black,Able Sisters,All Year,Active,work,Headgear_HasBang,11619,8T8xo8DZHyEuWTPAo
firefighter's hat,Avocado,Green,Black,Able Sisters,All Year,Active,work,Headgear_HasBang,11620,fXaWtDi9ugKd7CvfL
flashy hairpin,Pink,Pink,Purple,Able Sisters,All Year,Gorgeous,everyday; party; theatrical,HeadHairOrnament_Left,8611,qMr5rv9p6nKMWpn6W
flashy hairpin,Blue,Blue,Light blue,Able Sisters,All Year,Gorgeous,everyday; party; theatrical,HeadHairOrnament_Left,10842,JrGYYeC2rDuLtcuKX
flashy hairpin,Black,Black,Gray,Able Sisters,All Year,Gorgeous,everyday; party; theatrical,HeadHairOrnament_Left,10843,KmZhyAbsJeBkdsPaL
flashy hairpin,Purple,Purple,Purple,Able Sisters,All Year,Gorgeous,everyday; party; theatrical,HeadHairOrnament_Left,10844,JuXNKBGSRgoHmATrq
flashy hairpin,Orange,Orange,Yellow,Able Sisters,All Year,Gorgeous,everyday; party; theatrical,HeadHairOrnament_Left,10845,jwxxG5ozBHRSq8wee
flashy hairpin,Green,Green,Green,Able Sisters,All Year,Gorgeous,everyday; party; theatrical,HeadHairOrnament_Left,10846,YcYK3wi8wihn3LWMm
flashy hairpin,White,White,White,Able Sisters,All Year,Gorgeous,everyday; party; theatrical,HeadHairOrnament_Left,10847,yQpkhzDDYowAwfiPF
floral hairpin,Pink,Pink,Pink,Able Sisters,All Year,Cute,everyday; fairy tale,HeadHairOrnament_Left,9854,8Jddb8tpAJ9dCFNhR
floral hairpin,Blue,Blue,Blue,Able Sisters,All Year,Cute,everyday; fairy tale,HeadHairOrnament_Left,11959,dgTtevqFfurYfYBQh
floral hairpin,Green,Green,Green,Able Sisters,All Year,Cute,everyday; fairy tale,HeadHairOrnament_Left,11960,T3TwnGGaSJcMWTXTh
floral hairpin,Yellow,Yellow,Orange,Able Sisters,All Year,Cute,everyday; fairy tale,HeadHairOrnament_Left,11961,bcbeTcynoeqp7yk9M
floral hairpin,Purple,Purple,Purple,Able Sisters,All Year,Cute,everyday; fairy tale,HeadHairOrnament_Left,11962,noggDuHahWHjjMMTa
football helmet,Green,Green,White,Able Sisters,All Year,Active,sporty; work,HeadFullFace,5373,PydL8RyPvCHkw25Gu
football helmet,White,White,Black,Able Sisters,All Year,Active,sporty; work,HeadFullFace,11604,BqaKYDQcnYuGkhqiX
football helmet,Yellow,Yellow,Black,Able Sisters,All Year,Active,sporty; work,HeadFullFace,11605,BytzMWFtdrWWBbSoo
football helmet,Berry red,Red,White,Able Sisters,All Year,Active,sporty; work,HeadFullFace,11606,z7NnWCTf5ZCitpECu
football helmet,Blue,Blue,White,Able Sisters,All Year,Active,sporty; work,HeadFullFace,11607,jxqjGgzngsgwDEiLf
football helmet,Turquoise,Green,Black,Able Sisters,All Year,Active,sporty; work,HeadFullFace,11608,j5hCTq5yhHnh252uh
football helmet,Red,Orange,Black,Able Sisters,All Year,Active,sporty; work,HeadFullFace,11609,kocqTA3FPgXfmvj35
football helmet,Black,Black,White,Able Sisters,All Year,Active,sporty; work,HeadFullFace,11610,jZBkWeTG9x88Db6qF
fox mask,White,White,Red,Able Sisters,All Year,Cool,goth; theatrical,HeadFace,6034,hvuy2ff7D5HmQDWhP
fox mask,Black,Black,Red,Able Sisters,All Year,Cool,goth; theatrical,HeadFace,11171,zERfZuwMz99moPjmM
frog cap,Green,Green,Green,Able Sisters,All Year,Cute,fairy tale; party; theatrical,Headgear_NoEarNoJaw,5335,2o34Cs7NhTHdiAA2J
frog cap,Blue,Light blue,Light blue,Able Sisters,All Year,Cute,fairy tale; party; theatrical,Headgear_NoEarNoJaw,11697,oppZjp8fdNEbvCeWy
frog cap,Red,Red,Red,Able Sisters,All Year,Cute,fairy tale; party; theatrical,Headgear_NoEarNoJaw,11698,o8tC4pEQPnv7ShYJs
frog cap,Yellow,Yellow,Yellow,Able Sisters,All Year,Cute,fairy tale; party; theatrical,Headgear_NoEarNoJaw,11699,roQnkD6zXyDrsjDRx
frugal hat,Brown,Brown,Brown,Able Sisters,All Year,Simple,fairy tale; goth,HeadCap,5299,ryjuAa957xkyQ9Crx
frugal hat,Green,Green,Green,Able Sisters,All Year,Simple,fairy tale; goth,HeadCap,11846,zB2YwDPXFAkqrfWGo
frugal hat,Blue-gray,Blue,Blue,Able Sisters,All Year,Simple,fairy tale; goth,HeadCap,11847,XvM7B98w2X54g4838
geisha wig,Red,Red,Colorful,Gulliver,All Year,Cute,theatrical; work,Headgear_HasEar,5695,fGEdJDfBN5EEhBjFj
geisha wig,Pink,Pink,Colorful,Gulliver,All Year,Cute,theatrical; work,Headgear_HasEar,9741,HZxA8fN7NH8kMfH4P
geisha wig,Golden yellow,Orange,Colorful,Gulliver,All Year,Cute,theatrical; work,Headgear_HasEar,9742,daRdXsccgpzPLvpWz
geisha wig,Green,Green,Colorful,Gulliver,All Year,Cute,theatrical; work,Headgear_HasEar,9743,umAWMdQi84vc4BLvt
geisha wig,Blue,Blue,Colorful,Gulliver,All Year,Cute,theatrical; work,Headgear_HasEar,9744,8dXu7jqM6YCLK5wSj
geisha wig,Purple,Purple,Colorful,Gulliver,All Year,Cute,theatrical; work,Headgear_HasEar,9745,GLvMy7wJZEaiBREgu
geisha wig,Black,Black,Colorful,Gulliver,All Year,Cute,theatrical; work,Headgear_HasEar,9746,JKW7jE3fFnXoH6vyB
giant ribbon,Red,Red,Red,Able Sisters,All Year,Cute,fairy tale; party; theatrical,HeadHairOrnament_Back,9861,NWaA4reiG5GXxgXMS
giant ribbon,Green,Green,Green,Able Sisters,All Year,Cute,fairy tale; party; theatrical,HeadHairOrnament_Back,12052,uhM23tq3RxpJDFhsJ
giant ribbon,Blue,Blue,Blue,Able Sisters,All Year,Cute,fairy tale; party; theatrical,HeadHairOrnament_Back,12053,Rh6hZNJPHiZXLvAHJ
giant ribbon,Yellow,Yellow,Yellow,Able Sisters,All Year,Cute,fairy tale; party; theatrical,HeadHairOrnament_Back,12054,LbWPp7gGXze4MaLxm
giant ribbon,Orange,Orange,Orange,Able Sisters,All Year,Cute,fairy tale; party; theatrical,HeadHairOrnament_Back,12055,tySwtmJW5XaZ66nBx
giant ribbon,Pink,Pink,Pink,Able Sisters,All Year,Cute,fairy tale; party; theatrical,HeadHairOrnament_Back,12056,bkdobifkzuPTK7fxe
giant ribbon,White,White,White,Able Sisters,All Year,Cute,fairy tale; party; theatrical,HeadHairOrnament_Back,12057,SWbrNbBpjj4FWtPyE
giant ribbon,Black,Black,Black,Able Sisters,All Year,Cute,fairy tale; party; theatrical,HeadHairOrnament_Back,12058,zCcR8JcuDcusf8GdX
glengarry,Black,Black,Red,Able Sisters,All Year,Elegant,formal; work,HeadCap,6049,wJL28HCtAeYiw9Qnf
gold helmet,Gold,Yellow,Red,Crafting,All Year,Gorgeous,fairy tale; goth,HeadFullFace,5346,BBTeM9iQR8tG5DCWA
gold rose crown,Gold,Yellow,Yellow,Crafting,All Year,Cute,fairy tale; party; vacation,HeadHairOrnament_Top,7378,FX33n2bWNfRJ6cuKm
gothic headdress,Purple,Purple,Colorful,Able Sisters,All Year,Elegant,fairy tale; party; theatrical,Headgear_NoEar,5683,6nyKqBfGMQyFYzH5b
gothic headdress,Black,Black,Colorful,Able Sisters,All Year,Elegant,fairy tale; party; theatrical,Headgear_NoEar,11897,xgnfJr4rfnJHpz3Cy
gothic headdress,Red,Red,Colorful,Able Sisters,All Year,Elegant,fairy tale; party; theatrical,Headgear_NoEar,11898,cA4XoM6rcf2WkamCd
gothic headdress,Pink,Pink,Colorful,Able Sisters,All Year,Elegant,fairy tale; party; theatrical,Headgear_NoEar,11899,3YJZivZRjNYpNojJE
gothic headdress,Blue,Blue,Colorful,Able Sisters,All Year,Elegant,fairy tale; party; theatrical,Headgear_NoEar,11900,Wvsj8vtWWZjrY6E7A
gothic headdress,Light purple,Purple,Colorful,Able Sisters,All Year,Elegant,fairy tale; party; theatrical,Headgear_NoEar,11901,ZgopQMMTea5nJSdbY
grape hat,Purple,Purple,Green,Able Sisters,All Year,Cute,fairy tale; party; theatrical,HeadCap,5278,T7jWyxruDuEJssnYX
halo,Gold,Yellow,Yellow,Able Sisters,All Year,Cute,fairy tale; party; theatrical,HeadHairOrnament_Peak,6921,h5uXo4cEWBngWp7sS
handmade crown,NA,Red,Colorful,International Children's Day,All Year,Active,fairy tale; theatrical,HeadHairOrnament_Top,12576,qtR8v5BvaApJkokuf
headband,Pink,Pink,Colorful,Able Sisters,All Year,Cute,comfy,Headgear_HasEar,6093,2ZQBtmCyTt4kGY2gM
headband,Blue,Blue,Colorful,Able Sisters,All Year,Cute,comfy,Headgear_HasEar,11894,mPfXwKGa6z727jCWn
headband,Purple,Purple,Colorful,Able Sisters,All Year,Cute,comfy,Headgear_HasEar,11895,pMiCACYSmotv2pnjM
headband,Green,Green,Colorful,Able Sisters,All Year,Cute,comfy,Headgear_HasEar,11896,j5Rqh4hpw7udSzMkx
headgear,Red,Red,Colorful,Able Sisters,All Year,Active,sporty; work,Headgear_NoEarNoJaw,5687,jmnTEJgWu8kHL6CcQ
headgear,Blue,Blue,Colorful,Able Sisters,All Year,Active,sporty; work,Headgear_NoEarNoJaw,11611,zP46qRtShEG5TzNzz
headgear,Green,Green,Colorful,Able Sisters,All Year,Active,sporty; work,Headgear_NoEarNoJaw,11612,EjbvXi9Trp5gZiWBp
headkerchief,Green,Green,Green,Able Sisters,All Year,Cool,goth; outdoorsy,HeadFullFace,5322,K59p7jjXDCpeYStyh
heart hairpin,Pink,Pink,Yellow,Able Sisters,All Year,Cute,everyday; fairy tale,HeadHairOrnament_Left,9855,FoQyDjHid692cLQsr
heart hairpin,Red,Red,Yellow,Able Sisters,All Year,Cute,everyday; fairy tale,HeadHairOrnament_Left,12165,nsf444hSHhw4cqT9H
heart hairpin,Green,Green,Yellow,Able Sisters,All Year,Cute,everyday; fairy tale,HeadHairOrnament_Left,12166,qH6kogG5qtph3XpyQ
heart hairpin,Blue,Blue,Yellow,Able Sisters,All Year,Cute,everyday; fairy tale,HeadHairOrnament_Left,12167,BWs2TWo5MnAHfR9Qk
heart hairpin,Black,Black,Gray,Able Sisters,All Year,Cute,everyday; fairy tale,HeadHairOrnament_Left,12168,qoHkG5w57FHejH7sW
helmet with goggles,Pink,Pink,Black,Able Sisters,All Year,Active,sporty; work,Headgear_NoEarNoJaw,5435,GTB58K7ExPYkAxPYj
helmet with goggles,Green,Green,Black,Able Sisters,All Year,Active,sporty; work,Headgear_NoEarNoJaw,10230,KvThemab48jjKvtnD
helmet with goggles,Purple,Purple,Black,Able Sisters,All Year,Active,sporty; work,Headgear_NoEarNoJaw,10231,jms7b32h94CH8XZg7
helmet with goggles,Blue,Blue,Black,Able Sisters,All Year,Active,sporty; work,Headgear_NoEarNoJaw,10232,hZsMf2hdM5F4t9GwN
helmet with goggles,Red,Red,Black,Able Sisters,All Year,Active,sporty; work,Headgear_NoEarNoJaw,10233,M7hddkFgC8kGhWmS8
helmet with goggles,Light blue,Light blue,Black,Able Sisters,All Year,Active,sporty; work,Headgear_NoEarNoJaw,10234,DExMtuaqW7nmbKpfy
helmet with goggles,Black,Black,Black,Able Sisters,All Year,Active,sporty; work,Headgear_NoEarNoJaw,10235,oNKeKYrhc57TYvMSQ
helmet with goggles,Yellow,Yellow,Black,Able Sisters,All Year,Active,sporty; work,Headgear_NoEarNoJaw,10236,yhhDptKbgXLEAjvsm
hibiscus hairpin,Red,Red,Green,Able Sisters,Summer,Elegant,fairy tale; vacation,HeadHairOrnament_Left,8614,eCSHrbwdZvKvfuYA7
hibiscus hairpin,Yellow,Yellow,Green,Able Sisters,Summer,Elegant,fairy tale; vacation,HeadHairOrnament_Left,10848,qqegoEzGt7MfWh4sW
hibiscus hairpin,White,White,Green,Able Sisters,Summer,Elegant,fairy tale; vacation,HeadHairOrnament_Left,10849,79RboM5aoWXKBrJS9
hibiscus hairpin,Pink,Pink,Green,Able Sisters,Summer,Elegant,fairy tale; vacation,HeadHairOrnament_Left,10850,WMsj6WkZyxhMKddte
hockey mask,White,White,White,Able Sisters,All Year,Cool,goth; sporty; work,HeadFace,6041,NDgayuyJk7tRysSQr
hot-dog hood,Red,Red,Red,Able Sisters,All Year,Active,party; theatrical,Headgear_HasBang,5369,w2djDRA9FiE4WD6pX
hyacinth crown,Red,Red,Yellow,Crafting,All Year,Cute,fairy tale; party; vacation,HeadHairOrnament_Top,5096,AupxHTZM4fc5HJBRu
imitation cow skull,White,White,White,Able Sisters,All Year,Cool,goth; theatrical,HeadCap,5447,vWz6PnRkqiMa2KJkv
imp hood,Black,Black,Black,Able Sisters,All Year,Cool,fairy tale; goth; theatrical,Headgear_NoEarNoJaw,5464,f7MYQ3k8qYWwTtrcr
imp hood,Red,Red,Red,Able Sisters,All Year,Cool,fairy tale; goth; theatrical,Headgear_NoEarNoJaw,11707,RWdscwMxzzK7X6Sue
jester's cap,Purple & yellow,Purple,Yellow,Able Sisters,All Year,Active,fairy tale; goth; party; theatrical; work,HeadCap,5385,uzMtDwv5WzzBbLXK2
jester's cap,Black & white,Black,White,Able Sisters,All Year,Active,fairy tale; goth; party; theatrical; work,HeadCap,11860,ugMtz99HpaJBEppZS
jester's cap,Red & blue,Red,Light blue,Able Sisters,All Year,Active,fairy tale; goth; party; theatrical; work,HeadCap,11861,Th7opeed6gy9YnjG8
jester's cap,Green & red,Green,Orange,Able Sisters,All Year,Active,fairy tale; goth; party; theatrical; work,HeadCap,11862,TpcZ2N8qWJhNcPaj3
jockey's helmet,Pink,Pink,Black,Able Sisters,All Year,Active,sporty; work,HeadCap,5367,kcuBkLhA6Ju8cK7hm
jockey's helmet,Orange,Orange,Black,Able Sisters,All Year,Active,sporty; work,HeadCap,11621,XuwsforNTPsop2YTa
jockey's helmet,Green,Green,Black,Able Sisters,All Year,Active,sporty; work,HeadCap,11622,SPkZaA6vtp9GyksEx
jockey's helmet,Yellow,Yellow,Black,Able Sisters,All Year,Active,sporty; work,HeadCap,11623,qGcN4thDwgwHxSxGP
jockey's helmet,Blue,Blue,Black,Able Sisters,All Year,Active,sporty; work,HeadCap,11624,4vqFYJqsEBAjCfdQQ
jockey's helmet,Red,Red,Black,Able Sisters,All Year,Active,sporty; work,HeadCap,11625,6HEnKgG2N9jQoDN5H
jockey's helmet,Black,Black,Black,Able Sisters,All Year,Active,sporty; work,HeadCap,11626,AmHMPAJ2qJotdbuiA
jockey's helmet,White,White,Black,Able Sisters,All Year,Active,sporty; work,HeadCap,11627,6MbsXdjSnfoQzc39M
kaffiyeh,White,White,Black,Gulliver,All Year,Elegant,everyday; formal,Headgear_NoEar,6052,BEAno4ew9FkKMfWwk
kaffiyeh,Red,Red,Black,Gulliver,All Year,Elegant,everyday; formal,Headgear_NoEar,9747,eT6PXofnHskXrh9Ld
kaffiyeh,Black,Gray,Black,Gulliver,All Year,Elegant,everyday; formal,Headgear_NoEar,9748,CLcMcBfgd6QoEYYCi
kappa cap,Green,Green,Green,Able Sisters,All Year,Cute,fairy tale; party; theatrical,Headgear_NoEarNoJaw,5331,zo2gb6sjpYjpkd6W8
kappa cap,Pink,Pink,Pink,Able Sisters,All Year,Cute,fairy tale; party; theatrical,Headgear_NoEarNoJaw,11696,FfTJH6jJ3QwpY8ZsX
kiwi hat,Green,Brown,Green,Able Sisters,All Year,Cute,fairy tale; party; theatrical,HeadCap,5276,vvPendWMdGWCSNvNw
knight's helmet,Gray,Gray,Gray,Crafting,All Year,Cool,fairy tale; goth,HeadFullFace,5334,ChakqZJq8igZjNDcH
knit cap with earflaps,Beige,Beige,Pink,Able Sisters,Winter,Cute,everyday; comfy,Headgear_HasBang,5370,RzwgjozkxRLE9GEyk
knit cap with earflaps,Blue,Blue,Light blue,Able Sisters,Winter,Cute,everyday; comfy,Headgear_HasBang,10944,AWfqpyaXXNkjTrDRu
knit cap with earflaps,Pink,Pink,Light blue,Able Sisters,Winter,Cute,everyday; comfy,Headgear_HasBang,10945,wRH25f3yhqqmvTqcC
knit cap with earflaps,Green,Green,Light blue,Able Sisters,Winter,Cute,everyday; comfy,Headgear_HasBang,10946,qiEhhb3haazYea64f
knit cap with earflaps,Ruby red,Red,Orange,Able Sisters,Winter,Cute,everyday; comfy,Headgear_HasBang,10947,bXKhWsH9bw8dQmZ7z
knit cap with earflaps,Moss green,Green,Light blue,Able Sisters,Winter,Cute,everyday; comfy,Headgear_HasBang,10948,8QmQoKrircphQa33a
knit cap with earflaps,Gray,Gray,Gray,Able Sisters,Winter,Cute,everyday; comfy,Headgear_HasBang,10949,F3qyTm7oAHPfLcvEC
knit hat,Black,Black,Black,Able Sisters,Winter,Simple,everyday; outdoorsy; comfy,HeadCap,5146,r4pSeABL8qCqDhJJE
knit hat,White,White,White,Able Sisters,Winter,Simple,everyday; outdoorsy; comfy,HeadCap,6880,puALkP9K5hCSFy95L
knit hat,Gray,Gray,Gray,Able Sisters,Winter,Simple,everyday; outdoorsy; comfy,HeadCap,6881,iCgkEpcFSWEmJGemk
knit hat,Ochre,Orange,Orange,Able Sisters,Winter,Simple,everyday; outdoorsy; comfy,HeadCap,6882,fJq4a2fGCePziMeEB
knit hat,Red,Red,Red,Able Sisters,Winter,Simple,everyday; outdoorsy; comfy,HeadCap,11731,wphjM65y7bFkauqKs
knit hat,Blue,Blue,Blue,Able Sisters,Winter,Simple,everyday; outdoorsy; comfy,HeadCap,11732,8aKNtZT3ST39Fg4A5
knit hat,Green,Green,Green,Able Sisters,Winter,Simple,everyday; outdoorsy; comfy,HeadCap,11733,5dgwDfqZq9SP4kpD2
knit hat,Pink,Pink,Pink,Able Sisters,Winter,Simple,everyday; outdoorsy; comfy,HeadCap,11734,SaqCM6GsWHfhuDgHR
Labelle cap,Twilight,Purple,Black,Labelle,All Year,Cool,everyday; sporty; theatrical,HeadCap,9880,ztboDBEmkeSqzkZyf
Labelle cap,Midnight,Black,Black,Labelle,All Year,Cool,everyday; sporty; theatrical,HeadCap,11746,7p2osKzqpSv8TSz5D
Labelle cap,Passion,Red,Black,Labelle,All Year,Cool,everyday; sporty; theatrical,HeadCap,11747,5oGF5aQ5C4hJfqRm2
Labelle cap,Ocean,Blue,Black,Labelle,All Year,Cool,everyday; sporty; theatrical,HeadCap,11748,RqpPoEjZ9jMYHcWZP
Labelle cap,Sunset,Yellow,Black,Labelle,All Year,Cool,everyday; sporty; theatrical,HeadCap,11749,7ofiXbFhJzfzaiTn6
Labelle cap,Love,Pink,Black,Labelle,All Year,Cool,everyday; sporty; theatrical,HeadCap,11750,fp3vkAthEFWPXhx6i
Labelle hat,Twilight,Purple,Black,Labelle,All Year,Gorgeous,everyday; formal; party; theatrical,HeadCap,9881,wGQfizPwiTjbeNxDs
Labelle hat,Midnight,Black,Black,Labelle,All Year,Gorgeous,everyday; formal; party; theatrical,HeadCap,11751,dkk6nawDAJhEtQHWv
Labelle hat,Passion,Red,Black,Labelle,All Year,Gorgeous,everyday; formal; party; theatrical,HeadCap,11752,ZasJY8MyebqqXFqKW
Labelle hat,Ocean,Blue,Black,Labelle,All Year,Gorgeous,everyday; formal; party; theatrical,HeadCap,11753,KGGqRzqpiddo5Czxw
Labelle hat,Sunset,Yellow,Black,Labelle,All Year,Gorgeous,everyday; formal; party; theatrical,HeadCap,11754,5fq7piPdz5rGNgBaP
Labelle hat,Love,Pink,Black,Labelle,All Year,Gorgeous,everyday; formal; party; theatrical,HeadCap,11755,PN3nhWn3rXBGdJomB
leaf mask,Green,Green,Green,Crafting,All Year,Cute,goth; outdoorsy,HeadFace,7291,SzZ9pCgSNQz4P2PRn
leaf-egg shell,None,Green,Green,Crafting,All Year,Active,fairy tale; party; theatrical,HeadCap,12441,nwNuAognQtrTGfTWn
lettered cap,Red,Red,White,Able Sisters,All Year,Active,everyday; outdoorsy; sporty,HeadCap,9866,7Q3wGGajkfDjfzhJz
lettered cap,Beige,Beige,White,Able Sisters,All Year,Active,everyday; outdoorsy; sporty,HeadCap,12043,txEA3gtDENsLPjSLu
lettered cap,Olive,Green,White,Able Sisters,All Year,Active,everyday; outdoorsy; sporty,HeadCap,12044,QSrmauRxdvykwxfZf
lily crown,Colorful,Red,Yellow,Crafting,All Year,Cute,fairy tale; party; vacation,HeadHairOrnament_Top,5114,oyd8dzDWXoCeq6d3P
lovely cosmos crown,Colorful,Pink,Orange,Crafting,All Year,Cute,fairy tale; party; vacation,HeadHairOrnament_Top,5109,JpEmegx5ChztAdbnv
mage's hat,Black,Black,Purple,Able Sisters,All Year,Cool,fairy tale; goth,HeadCap,5245,xC42tzk6SK3sN9RoG
mage's hat,Blue,Blue,Light blue,Able Sisters,All Year,Cool,fairy tale; goth,HeadCap,11843,TxrHS9qwEk83iea7P
mage's hat,White,White,Gray,Able Sisters,All Year,Cool,fairy tale; goth,HeadCap,11844,nN9u4Q77aHtudJxza
mage's hat,Red,Red,Red,Able Sisters,All Year,Cool,fairy tale; goth,HeadCap,11845,v2iuwLr9rh2wfXpgC
matanpushi,Blue,Blue,Beige,Able Sisters,All Year,Cool,everyday; formal,HeadCap,10914,G4fspHfP6FzwQEqto
matanpushi,Brown,Brown,Light blue,Able Sisters,All Year,Cool,everyday; formal,HeadCap,12033,ZoE3A7vJmf6fjas2d
matanpushi,Red,Red,Yellow,Able Sisters,All Year,Cool,everyday; formal,HeadCap,12034,wLkeY9D82XAyLE3N9
matronly bun,Hair Color,Colorful,Colorful,Able Sisters,All Year,Elegant,theatrical,Headgear_HasEar,5691,2HsMdh23YHSqA4AhL
mesh cap,Purple,Purple,White,Able Sisters,All Year,Active,formal; party; theatrical; work,HeadCap,5128,ci33Hxg6BtfZ4KKY9
mesh cap,Red,Red,White,Able Sisters,All Year,Active,formal; party; theatrical; work,HeadCap,11506,S878yxu4ziFfZiAYa
mesh cap,Pink,Pink,White,Able Sisters,All Year,Active,formal; party; theatrical; work,HeadCap,11507,ELafihA36MBWWb4HR
mesh cap,Green,Green,White,Able Sisters,All Year,Active,formal; party; theatrical; work,HeadCap,11508,yDdLG4bLQnnATQQrh
mesh cap,Orange,Orange,White,Able Sisters,All Year,Active,formal; party; theatrical; work,HeadCap,11509,xtfgMAvaPXTMryc3N
mesh cap,Yellow,Yellow,White,Able Sisters,All Year,Active,formal; party; theatrical; work,HeadCap,11510,X2thzp4pg5qBhJrYZ
mesh cap,Black,Black,White,Able Sisters,All Year,Active,formal; party; theatrical; work,HeadCap,11511,B75gGQnqmbvwFnY3r
milkmaid hat,White,White,White,Gulliver,All Year,Elegant,everyday; formal,Headgear_HasBang,5365,xxPurMe9L9zyhgmoH
mohawk wig,Hair Color,Colorful,Colorful,Able Sisters,All Year,Cool,theatrical,Headgear_HasEar,5688,xSP2ma9tBnzzWzfv6
mum crown,Colorful,Red,Yellow,Crafting,All Year,Cute,fairy tale; party; vacation,HeadHairOrnament_Top,5117,jcwfq9ffbRoL4AEde
mummy mask,White,White,White,Able Sisters,All Year,Cool,fairy tale; goth; theatrical,HeadFullFace,5324,RumzTwR7oeh4Ap6Ge
New Year's hat,Red,Red,Yellow,New Year's Eve,All Year,Gorgeous,party; theatrical,HeadCap,4799,mRkejbn9CwDxWTD8v
New Year's hat,Blue,Blue,Yellow,New Year's Eve,All Year,Gorgeous,party; theatrical,HeadCap,5186,Eo5LXf3XdqiQyRyv9
New Year's hat,Yellow,Yellow,Yellow,New Year's Eve,All Year,Gorgeous,party; theatrical,HeadCap,5187,4P3oKZ7N4xXbHKcHD
New Year's hat,Green,Green,Yellow,New Year's Eve,All Year,Gorgeous,party; theatrical,HeadCap,5188,STBytwCasPPX5vfWn
New Year's hat,Orange,Orange,Yellow,New Year's Eve,All Year,Gorgeous,party; theatrical,HeadCap,5189,2jcPz9T4E5CHeytdR
New Year's hat,Purple,Purple,Yellow,New Year's Eve,All Year,Gorgeous,party; theatrical,HeadCap,5190,B7pexDLSa7ZxqCRx2
New Year's hat,Pink,Pink,Yellow,New Year's Eve,All Year,Gorgeous,party; theatrical,HeadCap,5191,JHAzmuxhiGZG5xJzv
New Year's hat,Light blue,Light blue,Yellow,New Year's Eve,All Year,Gorgeous,party; theatrical,HeadCap,5192,zDsxniwxCt7Lyb2Aa
New Year's silk hat,Red,Red,Yellow,New Year's Eve,All Year,Gorgeous,party; theatrical,HeadCap,5946,4gvYY4rPwuzRbaMXQ
New Year's silk hat,Blue,Blue,Yellow,New Year's Eve,All Year,Gorgeous,party; theatrical,HeadCap,5947,D3oDFZZsBaBoJ9NeJ
New Year's silk hat,Yellow,Yellow,Yellow,New Year's Eve,All Year,Gorgeous,party; theatrical,HeadCap,5948,k8tKF4tYi5ZejnpTb
New Year's silk hat,Green,Green,Yellow,New Year's Eve,All Year,Gorgeous,party; theatrical,HeadCap,5949,gF3HgnhNTRHXjaw7B
New Year's silk hat,Orange,Orange,Yellow,New Year's Eve,All Year,Gorgeous,party; theatrical,HeadCap,5950,s2Q4sYtm9FQzx8L95
New Year's silk hat,Purple,Purple,Yellow,New Year's Eve,All Year,Gorgeous,party; theatrical,HeadCap,5951,SY9weEDnd4egCfKts
New Year's silk hat,Pink,Pink,Yellow,New Year's Eve,All Year,Gorgeous,party; theatrical,HeadCap,5952,4KbWNw4jwLokepjDz
New Year's silk hat,Light blue,Light blue,Yellow,New Year's Eve,All Year,Gorgeous,party; theatrical,HeadCap,5953,YsNhinT3gy8CYuB4d
ninja hood,Dark blue,Blue,Gray,Able Sisters,All Year,Cool,fairy tale; work,Headgear_NoEarNoJaw,5364,tNfkPdEzqBqjaJpoL
ninja hood,Gray,Black,Gray,Able Sisters,All Year,Cool,fairy tale; work,Headgear_NoEarNoJaw,11870,pqeTwLRpzY2iimLhX
ninja hood,Red,Red,Gray,Able Sisters,All Year,Cool,fairy tale; work,Headgear_NoEarNoJaw,11871,cjHgPwXzQKaAvmhuC
ninja hood,Purple,Purple,Gray,Able Sisters,All Year,Cool,fairy tale; work,Headgear_NoEarNoJaw,11872,tB493c7XfJfk3SNdz
ninja hood,Aqua,Light blue,Gray,Able Sisters,All Year,Cool,fairy tale; work,Headgear_NoEarNoJaw,11873,QLNKKCbkjKA4dbrrT
ninja hood,Green,Green,Gray,Able Sisters,All Year,Cool,fairy tale; work,Headgear_NoEarNoJaw,11874,XaaDcBAN2LENqYzcv
ninja hood,Yellow,Yellow,Gray,Able Sisters,All Year,Cool,fairy tale; work,Headgear_NoEarNoJaw,11875,M5W4YEuvEQ787Tegk
ninja hood,Orange,Orange,Gray,Able Sisters,All Year,Cool,fairy tale; work,Headgear_NoEarNoJaw,11876,xuwDmWqQkxgPZPqRg
Noh mask,White,Beige,Black,Able Sisters,All Year,Elegant,goth; theatrical,HeadFace,6036,g5HMKByrRY6yupb25
Nook Inc. bandanna,Yellow,Orange,Yellow,Nook Miles Shop,All Year,Simple,outdoorsy; work,HeadCap,5628,uPbBLGqqSiTSKdsap
Nook Inc. cap,Green,Green,White,Nook Miles Shop,All Year,Simple,outdoorsy; sporty,HeadCap,5627,M6ZPhdcjGPvRGtDCS
nurse's cap,Pink,Pink,Pink,Able Sisters,All Year,Simple,work,HeadHairOrnament_Back,6947,2nZYXc5ee6terDyJY
nurse's cap,White,White,White,Able Sisters,All Year,Simple,work,HeadHairOrnament_Back,11812,u6EEbkfK3e6iHMXsY
nurse's cap,Blue,Blue,Blue,Able Sisters,All Year,Simple,work,HeadHairOrnament_Back,11813,NWWLjb8pmu6tC438t
OK Motors cap,NA,White,Blue,Nook Shopping Promotion,All Year,Simple,work,HeadCap,12424,EfqFMvapb35xaDsnk
orange hat,Orange,Orange,Green,Crafting,All Year,Cute,fairy tale; party; theatrical,HeadCap,5275,QSHPkoQAJJpdDJpXv
outback hat,Brown,Brown,Brown,Able Sisters,All Year,Elegant,everyday; outdoorsy; work,HeadCap,5399,aGQncv2i5uCn6BRFC
outback hat,Beige,Beige,Gray,Able Sisters,All Year,Elegant,everyday; outdoorsy; work,HeadCap,11053,L7gfFxKYMfYFsmc3o
outback hat,Red,Red,Black,Able Sisters,All Year,Elegant,everyday; outdoorsy; work,HeadCap,11054,BpLh5uscghzcSqNyJ
outback hat,Pink,Pink,Pink,Able Sisters,All Year,Elegant,everyday; outdoorsy; work,HeadCap,11055,e9ntmssz8a4Ydsnii
outback hat,White,White,Gray,Able Sisters,All Year,Elegant,everyday; outdoorsy; work,HeadCap,11056,uBsynLkxZLapw4j4w
outdoor hat,Orange,Orange,Light blue,Able Sisters,All Year,Active,outdoorsy; sporty,HeadCap,5258,Taf2gy9MqCWtD8Lm9
outdoor hat,Blue,Blue,Red,Able Sisters,All Year,Active,outdoorsy; sporty,HeadCap,11038,Tni7PAyBS3NrwqbTn
outdoor hat,Purple,Purple,Light blue,Able Sisters,All Year,Active,outdoorsy; sporty,HeadCap,11039,bSsN9ide5eYd2KxoS
outdoor hat,Red,Red,Yellow,Able Sisters,All Year,Active,outdoorsy; sporty,HeadCap,11040,jG7vw4ZYdt5wxPJZh
outdoor hat,Yellow,Yellow,Blue,Able Sisters,All Year,Active,outdoorsy; sporty,HeadCap,11041,9TQZoMLhikHRrrDDZ
outdoor hat,Light blue,Light blue,Green,Able Sisters,All Year,Active,outdoorsy; sporty,HeadCap,11042,w9GeNeMPYKBxbYSH2
outdoor hat,Green,Green,Yellow,Able Sisters,All Year,Active,outdoorsy; sporty,HeadCap,11043,mSxNGDSx7y6kZarnc
outdoor hat,Beige,Beige,Red,Able Sisters,All Year,Active,outdoorsy; sporty,HeadCap,11044,sTS2R5YRfdAxfEy8Z
paintball mask,Black,Black,Black,Able Sisters,All Year,Cool,outdoorsy; sporty,HeadFace,5395,hXFTMo9zh7Mx7yDDa
paintball mask,White,White,Black,Able Sisters,All Year,Cool,outdoorsy; sporty,HeadFace,10227,iFPdeeqLGNuWaconR
paintball mask,Olive,Green,Black,Able Sisters,All Year,Cool,outdoorsy; sporty,HeadFace,10228,WaYr6qyZ6w2y7M8r2
paintball mask,Yellow,Yellow,Black,Able Sisters,All Year,Cool,outdoorsy; sporty,HeadFace,10229,cQY7bMzg8NgyLQXDJ
paisley bandanna,Red,Red,White,Able Sisters,All Year,Active,outdoorsy,HeadCap,5294,93GubKimrHwj42NtQ
paisley bandanna,Blue,Blue,White,Able Sisters,All Year,Active,outdoorsy,HeadCap,10760,LnqYNcbocnnRFYYbM
paisley bandanna,Yellow,Yellow,White,Able Sisters,All Year,Active,outdoorsy,HeadCap,10761,F8Fsf43ae6RCTkuAo
paisley bandanna,Black,Black,White,Able Sisters,All Year,Active,outdoorsy,HeadCap,10762,RxdhMRe7iZv3LxYtQ
paisley bandanna,Green,Green,White,Able Sisters,All Year,Active,outdoorsy,HeadCap,10763,7Z4qghfvzEp2EMfYw
paisley bandanna,Orange,Orange,White,Able Sisters,All Year,Active,outdoorsy,HeadCap,10764,jbJkcPtdqKgh8v9AG
paisley bandanna,Pink,Pink,White,Able Sisters,All Year,Active,outdoorsy,HeadCap,10765,jDiN5BX2LQjQg7eod
paisley bandanna,Purple,Purple,White,Able Sisters,All Year,Active,outdoorsy,HeadCap,10766,covzbSvXPRPk6gLtk
pansy crown,Colorful,Colorful,Colorful,Crafting,All Year,Cute,fairy tale; party; vacation,HeadHairOrnament_Top,5105,Kn2k9jdadPZNeT4oH
paper bag,Beige,Beige,Beige,Able Sisters,All Year,Cool,goth,HeadFullFace,5840,Z8NpXTFEZNuwzJb7B
paperboy cap,Brown,Brown,Brown,Able Sisters,All Year,Simple,everyday; formal; work,HeadCap,5147,GAyDQZez4XQdjCAnn
paperboy cap,Gray,Gray,Gray,Able Sisters,All Year,Simple,everyday; formal; work,HeadCap,11512,ymFNyTkYST6eYQDWm
paperboy cap,Green,Green,Green,Able Sisters,All Year,Simple,everyday; formal; work,HeadCap,11513,MntgoecKWvqftbcj9
paperboy cap,Blue,Light blue,Light blue,Able Sisters,All Year,Simple,everyday; formal; work,HeadCap,11514,pfBtD75A8gSxZY3TQ
paperboy cap,Red,Red,Red,Able Sisters,All Year,Simple,everyday; formal; work,HeadCap,11515,e3k4XpPMoahNaWv78
patchwork tulip hat,Pink,Pink,Beige,Able Sisters,All Year,Cute,outdoorsy; comfy; vacation,HeadCap,9870,SGjLHQg8TFGDWH2N8
patchwork tulip hat,Blue,Blue,Beige,Able Sisters,All Year,Cute,outdoorsy; comfy; vacation,HeadCap,11993,pTWoeyHzNCW9ZW67y
patchwork tulip hat,Yellow,Yellow,Beige,Able Sisters,All Year,Cute,outdoorsy; comfy; vacation,HeadCap,11994,Zxq3wn7giQ6rBFaRT
peach hat,Peach,Pink,Yellow,Crafting,All Year,Cute,fairy tale; party; theatrical,HeadCap,9874,ndyX7HhTu335TzW9b
pear hat,Green,Green,Brown,Crafting,All Year,Cute,fairy tale; party; theatrical,HeadCap,9872,nQDCrcuuoxWRwhyzt
pigtail,Hair Color,Colorful,Colorful,Gulliver,All Year,Cool,everyday,Headgear_HasEar,5819,8GiNANCYoscQGgW8i
pilot's cap,Brown,Brown,Black,Able Sisters,All Year,Cool,outdoorsy; work,Headgear_NoEar,5362,MeD6WKsME9zhgTo5R
pilot's cap,Black,Black,Black,Able Sisters,All Year,Cool,outdoorsy; work,Headgear_NoEar,11613,6BxAvii2rcxRCaL7g
pilot's cap,Avocado,Green,Black,Able Sisters,All Year,Cool,outdoorsy; work,Headgear_NoEar,11614,yG8ej28n3Gn5GBvKr
pilot's hat,Navy blue,Blue,Yellow,Able Sisters,All Year,Active,formal; work,HeadCap,8612,wqL65kvbtwtrWmQvu
pilot's hat,Black,Black,Yellow,Able Sisters,All Year,Active,formal; work,HeadCap,11827,rtjQ3mqNSJsPmFmaK
pilot's hat,Light blue,Light blue,Yellow,Able Sisters,All Year,Active,formal; work,HeadCap,11828,zbMCmXJx7nPvr5wNG
pineapple cap,Yellow,Yellow,Green,Able Sisters,Summer,Cute,fairy tale; party; theatrical; vacation,HeadCap,5279,dPCd6Ab8DeCJFYskS
plain cap,Gray,Gray,Gray,Able Sisters,All Year,Simple,outdoorsy; work,HeadCap,5148,by6mbBP6LtRDsEnGb
plain cap,Beige,Beige,Beige,Able Sisters,All Year,Simple,outdoorsy; work,HeadCap,11516,sDYHTbiZX2M9deKRW
plain cap,Red,Red,Red,Able Sisters,All Year,Simple,outdoorsy; work,HeadCap,11517,D2deq4Cs3kzxZhxfT
plain cap,Blue,Blue,Blue,Able Sisters,All Year,Simple,outdoorsy; work,HeadCap,11518,A4TTtSGv4Y6S7nrHy
plain cap,Green,Green,Green,Able Sisters,All Year,Simple,outdoorsy; work,HeadCap,11519,W8MEs7KCn9gMPGzS8
police cap,Navy blue,Blue,Black,Able Sisters,All Year,Active,formal; work,HeadCap,5141,yfwrPpLDLYjKTwmbt
pom casquette,Brown,Brown,Brown,Able Sisters,Winter,Cute,everyday; comfy,HeadCap,6054,RbFmSEbYbPYhtJBR9
pom casquette,White,White,White,Able Sisters,Winter,Cute,everyday; comfy,HeadCap,11539,FEBs8oY4JiFabEvz8
pom casquette,Red,Red,Red,Able Sisters,Winter,Cute,everyday; comfy,HeadCap,11540,kWEMQ8k696TFEQ7ad
pom casquette,Green,Green,Green,Able Sisters,Winter,Cute,everyday; comfy,HeadCap,11541,hLQKe6bnAMSEkW3om
pom casquette,Blue,Blue,Blue,Able Sisters,Winter,Cute,everyday; comfy,HeadCap,11542,i2dMhDvcCwmJkaHRz
pom casquette,Gray,Gray,Gray,Able Sisters,Winter,Cute,everyday; comfy,HeadCap,11543,iiq5LwcDrvyujdj6m
pompadour wig,Hair Color,Colorful,Colorful,Able Sisters,All Year,Cool,theatrical,Headgear_HasEar,5689,jBfmG2MkmbCBcTeyg
power helmet,Red,Red,Gray,Able Sisters,All Year,Active,fairy tale; theatrical; work,HeadFullFace,5697,sBvbWywKWGzoHhvTN
power helmet,Blue,Blue,Green,Able Sisters,All Year,Active,fairy tale; theatrical; work,HeadFullFace,11794,2nLjatjz4neFSM28L
power helmet,Green,Green,Purple,Able Sisters,All Year,Active,fairy tale; theatrical; work,HeadFullFace,11795,BYKxLLgas3qvqijBS
power helmet,Black,Black,Gray,Able Sisters,All Year,Active,fairy tale; theatrical; work,HeadFullFace,11796,gY6w3hNQMAcgSgPxa
purple hyacinth crown,Purple,Purple,Purple,Crafting,All Year,Cute,fairy tale; party; vacation,HeadHairOrnament_Top,5098,MPEexcEJFfRQPPHoq
purple pansy crown,Purple,Purple,Purple,Crafting,All Year,Cute,fairy tale; party; vacation,HeadHairOrnament_Top,5107,vmtf5bE9cGLDf99Th
purple windflower crown,Purple,Purple,Purple,Crafting,All Year,Cute,fairy tale; party; vacation,HeadHairOrnament_Top,5101,BerFDtXNFXSKuaijZ
racing helmet,Red,Red,Yellow,Able Sisters,All Year,Cool,outdoorsy; sporty; work,HeadFullFace,5443,v8Teg4WDsBorRnXrd
racing helmet,White,White,Red,Able Sisters,All Year,Cool,outdoorsy; sporty; work,HeadFullFace,10237,KpBh5M485u3R2Lrcc
racing helmet,Black,Black,White,Able Sisters,All Year,Cool,outdoorsy; sporty; work,HeadFullFace,10238,6hzfbtRroRgefZL9u
racing helmet,Blue,Blue,Green,Able Sisters,All Year,Cool,outdoorsy; sporty; work,HeadFullFace,10239,eoJa8tJsMeMtJWTJF
racing helmet,Pink,Pink,Black,Able Sisters,All Year,Cool,outdoorsy; sporty; work,HeadFullFace,10240,xvmSpTqeF5pJyYsWF
racing helmet,Green,Green,Yellow,Able Sisters,All Year,Cool,outdoorsy; sporty; work,HeadFullFace,10241,XEiqcuixofbXJFqm7
racing helmet,Purple,Purple,Pink,Able Sisters,All Year,Cool,outdoorsy; sporty; work,HeadFullFace,10242,CjhqExwCjEKGvvKKu
racing helmet,Light blue,Light blue,Orange,Able Sisters,All Year,Cool,outdoorsy; sporty; work,HeadFullFace,10243,yrCyty3XMGQhB6g4d
rain hat,Yellow,Yellow,Yellow,Able Sisters,All Year,Simple,everyday; outdoorsy,HeadCap,7394,TJPYFnhwcvrkbXTRE
rain hat,Green,Green,Green,Able Sisters,All Year,Simple,everyday; outdoorsy,HeadCap,9569,eoaP4vDe5vtRvpsvo
rain hat,Pink,Pink,Pink,Able Sisters,All Year,Simple,everyday; outdoorsy,HeadCap,9570,dBGze9DKCaS8XzhNm
rain hat,Blue,Blue,Blue,Able Sisters,All Year,Simple,everyday; outdoorsy,HeadCap,9571,Rg9Ro56tvjEjnekqN
rain hat,Red,Red,Red,Able Sisters,All Year,Simple,everyday; outdoorsy,HeadCap,9572,8zwaRco9qxQLzTZeT
rain hat,Black,Black,Black,Able Sisters,All Year,Simple,everyday; outdoorsy,HeadCap,9573,WiE7mCBg8Xm3eq9MP
rain hat,Purple,Purple,Purple,Able Sisters,All Year,Simple,everyday; outdoorsy,HeadCap,9574,6qPbnNZS5PnrwWEjE
rain hat,Beige,Beige,Beige,Able Sisters,All Year,Simple,everyday; outdoorsy,HeadCap,9575,nYJgQys2nLuNu9n3M
ribbon,Green,Green,Green,Able Sisters,All Year,Cute,everyday; fairy tale; party; theatrical,HeadHairOrnament_Left,2609,ZvaqnH8RjnGNJ8Mz2
ribbon,Red,Red,Red,Able Sisters,All Year,Cute,everyday; fairy tale; party; theatrical,HeadHairOrnament_Left,2610,Cm8LuNKxhXSxdPGbf
ribbon,Blue,Blue,Blue,Able Sisters,All Year,Cute,everyday; fairy tale; party; theatrical,HeadHairOrnament_Left,10851,bhLAKNQyDxoq2rerS
ribbon,Yellow,Yellow,Yellow,Able Sisters,All Year,Cute,everyday; fairy tale; party; theatrical,HeadHairOrnament_Left,10852,NS2NKE2exTtytCZB2
ribbon,Orange,Orange,Orange,Able Sisters,All Year,Cute,everyday; fairy tale; party; theatrical,HeadHairOrnament_Left,10853,J6P6YsgHwNoNq2LAk
ribbon,Pink,Pink,Pink,Able Sisters,All Year,Cute,everyday; fairy tale; party; theatrical,HeadHairOrnament_Left,10854,CgYXHSbH8Bn9HYfHk
ribbon,White,White,White,Able Sisters,All Year,Cute,everyday; fairy tale; party; theatrical,HeadHairOrnament_Left,10855,Za6NEdY6H8kymJjZD
ribbon,Black,Black,Black,Able Sisters,All Year,Cute,everyday; fairy tale; party; theatrical,HeadHairOrnament_Left,10856,S6o27pK4x9JPsETr4
ribboned garden hat,Blue,Beige,Light blue,Able Sisters,Summer,Cute,everyday; fairy tale; vacation,HeadCap,9868,rLYhFzqMMmBMunom8
ribboned garden hat,Pink,White,Pink,Able Sisters,Summer,Cute,everyday; fairy tale; vacation,HeadCap,11990,uwjz7ukHv4SHPXK5z
ribboned garden hat,Black,Brown,Black,Able Sisters,Summer,Cute,everyday; fairy tale; vacation,HeadCap,11991,5SgJGpo9igFCaPRoN
ribboned garden hat,Brown,Black,Brown,Able Sisters,Summer,Cute,everyday; fairy tale; vacation,HeadCap,11992,qAraqZxBigCooecK5
ribboned straw hat,Light blue,Beige,Light blue,Able Sisters,All Year,Cute,everyday; comfy; vacation,HeadHairOrnament_Left,7273,rMzmWuC9KfJf6peAm
ribboned straw hat,Pink,Beige,Pink,Able Sisters,All Year,Cute,everyday; comfy; vacation,HeadHairOrnament_Left,10894,x9BQmtbCtQBA9AYBt
ribboned straw hat,Black,Beige,Black,Able Sisters,All Year,Cute,everyday; comfy; vacation,HeadHairOrnament_Left,10895,YLtzZraTojRJKEEwD
rose crown,Colorful,Red,Yellow,Crafting,All Year,Cute,fairy tale; party; vacation,HeadHairOrnament_Top,5111,jnYpwpwEuPzZBLyNE
royal crown,Red,Red,Yellow,Able Sisters,All Year,Gorgeous,fairy tale; party; theatrical,HeadCap,5307,s8RSxedxt7JkFnGCw
safety helmet,Yellow,Yellow,Yellow,Able Sisters,All Year,Active,work,HeadCap,5139,yLTcbe5oBBNaBeZ6C
safety helmet,Blue,Blue,Blue,Able Sisters,All Year,Active,work,HeadCap,10215,6jCASto2hkup7SnCx
safety helmet,Orange,Orange,Orange,Able Sisters,All Year,Active,work,HeadCap,10216,dhHYz2RRjWayfkQEH
safety helmet,Green,Green,Green,Able Sisters,All Year,Active,work,HeadCap,10217,Ln5vmrGq2hJkR3PtT
safety helmet,Black,Black,Black,Able Sisters,All Year,Active,work,HeadCap,10218,9sEsTF8fz25uiKeyu
sailor's hat,White,White,Blue,Able Sisters,All Year,Simple,vacation; work,HeadCap,5265,4X4XmNgYXYAzzNtdi
sailor's hat,Navy blue,Blue,White,Able Sisters,All Year,Simple,vacation; work,HeadCap,10751,n86dWH8vAaQB7WEPw
sailor's hat,Blue,Light blue,Blue,Able Sisters,All Year,Simple,vacation; work,HeadCap,10752,XeLSB8Q8sGesA7we4
samurai helmet,Red,Red,Yellow,Able Sisters,All Year,Active,theatrical; work,Headgear_NoEarNoJaw,5386,CRaXaihromqkoANCX
samurai helmet,Black,Black,Gray,Able Sisters,All Year,Active,theatrical; work,Headgear_NoEarNoJaw,11877,tYs5STREcJNLa54Bg
samurai helmet,Blue,Blue,Yellow,Able Sisters,All Year,Active,theatrical; work,Headgear_NoEarNoJaw,11878,mA3xB6PbuWSJYRfGL
samurai helmet,White,White,Gray,Able Sisters,All Year,Active,theatrical; work,Headgear_NoEarNoJaw,11879,Ffq5iTxhgCu7y3DSS
samurai helmet,Golden yellow,Orange,Yellow,Able Sisters,All Year,Active,theatrical; work,Headgear_NoEarNoJaw,11880,ns5rMmrK588zgh69K
samurai wig,Hair Color,Colorful,Colorful,Gulliver,All Year,Elegant,theatrical,Headgear_HasEar,5690,sPyM96NbCMMthDRAT
scholar's hat,Red,Black,Red,Able Sisters,All Year,Simple,formal; work,HeadCap,5137,ngKiFRMtrgD6LBE6A
scholar's hat,Green,Black,Green,Able Sisters,All Year,Simple,formal; work,HeadCap,11867,v3t8KjW53rwn4gX5n
scholar's hat,Blue,Black,Blue,Able Sisters,All Year,Simple,formal; work,HeadCap,11868,FRbH2BN8yuZ4bMdKK
scholar's hat,Yellow,Black,Yellow,Able Sisters,All Year,Simple,formal; work,HeadCap,11869,hfcgP2if8TbvFFDdK
school hat,Yellow,Yellow,Yellow,Able Sisters,All Year,Simple,everyday,HeadCap,4739,ihFYQjYM3HLa4CQNi
school hat,Navy blue,Blue,Blue,Able Sisters,All Year,Simple,everyday,HeadCap,10867,iAunhufuX73SZi4P4
shallow knit cap,Green,Green,Green,Able Sisters,All Year,Simple,everyday; outdoorsy,HeadCap,5329,QnkCaKsFnY7koZXAn
shallow knit cap,Beige,Beige,Beige,Able Sisters,All Year,Simple,everyday; outdoorsy,HeadCap,10938,ASNvzDY8sNYfWMx7D
shallow knit cap,Navy blue,Blue,Blue,Able Sisters,All Year,Simple,everyday; outdoorsy,HeadCap,10939,8dML5ksiTK3QpzaQn
shallow knit cap,Red,Red,Red,Able Sisters,All Year,Simple,everyday; outdoorsy,HeadCap,10940,beHqfsQ2Ndd6cjNrm
shallow knit cap,Purple,Purple,Purple,Able Sisters,All Year,Simple,everyday; outdoorsy,HeadCap,10941,7RbsKkMeXDZW25fX5
shallow knit cap,Gray,Gray,Gray,Able Sisters,All Year,Simple,everyday; outdoorsy,HeadCap,10942,sjPzMYvFq3nxYz9xZ
shallow knit cap,Brown,Brown,Brown,Able Sisters,All Year,Simple,everyday; outdoorsy,HeadCap,10943,q7wFGkmqHbSbmowMz
sheep hood,White,White,Brown,Able Sisters,All Year,Cute,fairy tale; party; theatrical,Headgear_HasBang,5465,RpK4nNwMTTACXuzhs
sheep hood,Pink,Pink,Brown,Able Sisters,All Year,Cute,fairy tale; party; theatrical,Headgear_HasBang,11708,fBYmX7mH9s8KRCb7i
sheep hood,Light blue,Light blue,Brown,Able Sisters,All Year,Cute,fairy tale; party; theatrical,Headgear_HasBang,11709,qnbki7izJQJh3WKAe
sheep hood,Brown,Brown,Brown,Able Sisters,All Year,Cute,fairy tale; party; theatrical,Headgear_HasBang,11710,YXFhijLketa7Gohf5
silk hat,Green,Red,Green,Gulliver,All Year,Elegant,everyday; formal,HeadCap,5284,CCWstWanNNy9NeknS
silk hat,Blue,Red,Blue,Gulliver,All Year,Elegant,everyday; formal,HeadCap,11849,xPsEvMLiWZMoK6oGz
silk hat,Yellow,Red,Yellow,Gulliver,All Year,Elegant,everyday; formal,HeadCap,11850,aSwkTGeBh4yrwfxAR
silk hat,Black,Red,Black,Gulliver,All Year,Elegant,everyday; formal,HeadCap,11851,wAXG8RJJ7TpyncmcF
simple mum crown,Green,Green,Green,Crafting,All Year,Cute,fairy tale; party; vacation,HeadHairOrnament_Top,5119,azamBTFvDxNkLTXFL
skateboarding helmet,Orange,Orange,Orange,Able Sisters,All Year,Active,sporty,HeadCap,9863,3kRAKsgGyr38iCCk5
skateboarding helmet,Olive,Green,Green,Able Sisters,All Year,Active,sporty,HeadCap,12048,ScBrRq96c3DkcRGTW
skateboarding helmet,Gray,Gray,Gray,Able Sisters,All Year,Active,sporty,HeadCap,12049,K88c9EJkFnsQh6K3v
skateboarding helmet,White,White,White,Able Sisters,All Year,Active,sporty,HeadCap,12050,j9Bx4gQDy2tCdzDj7
skateboarding helmet,Light blue,Light blue,Light blue,Able Sisters,All Year,Active,sporty,HeadCap,12051,N8xLFFhnWd9dPNL4P
skeleton hood,White,Gray,Gray,Able Sisters,All Year,Cool,fairy tale; goth; theatrical,Headgear_NoEarNoJaw,5328,QypAPiQ8g9ALJ5sZ2
ski mask,Green,Green,Green,Able Sisters,All Year,Cool,goth,HeadFullFace,5327,XchdHLkJEuMNpTtS6
ski mask,Black,Black,Black,Able Sisters,All Year,Cool,goth,HeadFullFace,10826,ogspBj87pEQMkarDs
ski mask,Lime,Yellow,Yellow,Able Sisters,All Year,Cool,goth,HeadFullFace,10827,3qjyhB6NyeDpHHTk8
ski mask,Red,Red,Red,Able Sisters,All Year,Cool,goth,HeadFullFace,10828,67NFw4hCiQh949CX5
ski mask,Blue,Blue,Blue,Able Sisters,All Year,Cool,goth,HeadFullFace,10829,Hfs3utBiDRksPaTjp
sky-egg shell,None,Light blue,Red,Crafting,All Year,Active,fairy tale; party; theatrical,HeadCap,12443,gx5CGMFvPAuqsgYye
small silk hat,Purple,Purple,Purple,Able Sisters,All Year,Cute,formal; party; theatrical,HeadHairOrnament_Left,7286,QTsXxAtuzdaCEe22Q
small silk hat,Black,Black,White,Able Sisters,All Year,Cute,formal; party; theatrical,HeadHairOrnament_Left,11057,KqxGXsprWBskSFuFE
small silk hat,Red,Red,Black,Able Sisters,All Year,Cute,formal; party; theatrical,HeadHairOrnament_Left,11058,RteWrMv6hArJmtuQp
snowperson head,White,White,Orange,Crafting,Winter,Cute,everyday; outdoorsy,Headgear_NoEarNoJaw,8609,GqFZJ5PfCqn93XvrQ
snowy knit cap,Blue,Blue,White,Able Sisters,Winter,Simple,everyday; outdoorsy,HeadCap,5408,AB966jKFh6pjSggnF
snowy knit cap,Black,Black,White,Able Sisters,Winter,Simple,everyday; outdoorsy,HeadCap,10950,Aci2hRSoLELPTmcfZ
snowy knit cap,Brown,Brown,White,Able Sisters,Winter,Simple,everyday; outdoorsy,HeadCap,10951,MAniJeYM33ThMatzJ
snowy knit cap,Pink,Pink,White,Able Sisters,Winter,Simple,everyday; outdoorsy,HeadCap,10952,mF9w5Xb2ZwWYCuQeE
snowy knit cap,Green,Green,White,Able Sisters,Winter,Simple,everyday; outdoorsy,HeadCap,10953,3rJbwrvpBYreKNa2g
snowy knit cap,Orange,Orange,White,Able Sisters,Winter,Simple,everyday; outdoorsy,HeadCap,10954,kKnRd3kW3MNmyPC7s
snowy knit cap,Red,Red,White,Able Sisters,Winter,Simple,everyday; outdoorsy,HeadCap,10955,a6SPpkGN522Q594Go
snowy knit cap,White,White,Gray,Able Sisters,Winter,Simple,everyday; outdoorsy,HeadCap,10956,AMEAt7bNv2FKkuErK
soft-serve hat,Vanilla,White,White,Able Sisters,All Year,Cute,fairy tale; party; theatrical,HeadCap,6998,jqpTmDvBaG4prYPDn
soft-serve hat,Chocolate,Brown,Brown,Able Sisters,All Year,Cute,fairy tale; party; theatrical,HeadCap,10835,M54jLyHnF35q35mq2
soft-serve hat,Gold leaf,Yellow,Yellow,Able Sisters,All Year,Cute,fairy tale; party; theatrical,HeadCap,10836,nKHTeWb7yBHnckSXJ
soft-serve hat,Strawberry,Pink,Pink,Able Sisters,All Year,Cute,fairy tale; party; theatrical,HeadCap,10837,MsR4jMTnbtnrhya9C
soft-serve hat,Green tea,Green,Green,Able Sisters,All Year,Cute,fairy tale; party; theatrical,HeadCap,10838,PPyYhSmHXc3PJroiL
soft-serve hat,Pale sky,Light blue,Light blue,Able Sisters,All Year,Cute,fairy tale; party; theatrical,HeadCap,10839,gvf3HCe3WiesRHrCt
soft-serve hat,Purple sweet potato,Purple,Purple,Able Sisters,All Year,Cute,fairy tale; party; theatrical,HeadCap,10840,q8Nm5HsAo9q7NYG3F
soft-serve hat,Black sesame,Black,Black,Able Sisters,All Year,Cute,fairy tale; party; theatrical,HeadCap,10841,SKNM9PN6Zf5sY3ydD
sombrero,Natural & red,Beige,Red,Gulliver,All Year,Active,formal; party; theatrical,HeadCap,5138,bhiup2unfD28DQY39
sombrero,Natural & green,Beige,Green,Gulliver,All Year,Active,formal; party; theatrical,HeadCap,10868,Y8aKytTopgxHroKA5
sombrero,Navy blue,Blue,Red,Gulliver,All Year,Active,formal; party; theatrical,HeadCap,10869,vJLJ9MuDhz8XCubPc
sombrero,Green,Green,Orange,Gulliver,All Year,Active,formal; party; theatrical,HeadCap,10870,ZEDjFRuMW9NjjPJxF
sombrero,White,Beige,Yellow,Gulliver,All Year,Active,formal; party; theatrical,HeadCap,10871,Zo847tN5m4B54M33D
sombrero,Red,Red,Yellow,Gulliver,All Year,Active,formal; party; theatrical,HeadCap,10872,Ds5rhcNjFXAhWqY37
sombrero,Blue,Blue,Green,Gulliver,All Year,Active,formal; party; theatrical,HeadCap,10873,dXo753eoQjnH3aJYp
sombrero,Orange,Orange,Blue,Gulliver,All Year,Active,formal; party; theatrical,HeadCap,10874,FBYkFcvhkWottMJHD
space helmet,White,White,White,Able Sisters,All Year,Active,work,HeadFullFace,5394,4iAdswfjHr2WDddrj
sports cap,Red,Red,White,Able Sisters,All Year,Simple,sporty,HeadCap,5305,NcyfadoSKrXEfgHC2
sports cap,White & red,White,Red,Able Sisters,All Year,Simple,sporty,HeadCap,11528,mLrPan5QQTWKmtHmB
sports cap,Blue,Blue,White,Able Sisters,All Year,Simple,sporty,HeadCap,11529,KZRoEWu5C87p5v6bw
sports cap,White & blue,White,Blue,Able Sisters,All Year,Simple,sporty,HeadCap,11530,k7HjoZFMCni8ruaaa
stagehand hat,Black,Black,Black,Able Sisters,All Year,Cool,theatrical; work,HeadFullFace,6053,3iuLkRkAKbp4KbfET
star hairpin,Yellow,Yellow,Pink,Able Sisters,All Year,Cute,everyday; fairy tale,HeadHairOrnament_Left,9856,k4qSsaYTabo563Qc6
star hairpin,Pink,Pink,Light blue,Able Sisters,All Year,Cute,everyday; fairy tale,HeadHairOrnament_Left,12169,K8nfGv85ED4JYm2ik
star hairpin,Purple,Purple,Yellow,Able Sisters,All Year,Cute,everyday; fairy tale,HeadHairOrnament_Left,12170,X5FEM3hh6FmwyaPSv
star hairpin,Mint,Green,Orange,Able Sisters,All Year,Cute,everyday; fairy tale,HeadHairOrnament_Left,12171,YRFxXFqCAc2KQpACS
star hairpin,Black,Black,Gray,Able Sisters,All Year,Cute,everyday; fairy tale,HeadHairOrnament_Left,12172,Sj22yQDh6XZ548xNs
star head,Yellow,Yellow,Yellow,Crafting,All Year,Cute,fairy tale; party; theatrical,Headgear_NoEarNoJaw,9862,GeCyKvrDGPAceAQQP
stone-egg shell,None,Yellow,Orange,Crafting,All Year,Active,fairy tale; party; theatrical,HeadCap,12440,6sSucNJN4o9egdsT6
straw boater,Cream,Beige,Blue,Able Sisters,Summer,Simple,everyday; fairy tale; vacation,HeadCap,5259,MjLrcMkSW6xz4EWuj
straw boater,Beige,Beige,Red,Able Sisters,Summer,Simple,everyday; fairy tale; vacation,HeadCap,10875,fSWYxi2FLsE7yM3xp
straw boater,Light brown,Beige,Green,Able Sisters,Summer,Simple,everyday; fairy tale; vacation,HeadCap,10876,8NywDitrMMG8nx5b9
straw boater,Brown,Orange,White,Able Sisters,Summer,Simple,everyday; fairy tale; vacation,HeadCap,10877,rs7Ts2r6yxNjsWMta
straw boater,Dark brown,Brown,Black,Able Sisters,Summer,Simple,everyday; fairy tale; vacation,HeadCap,10878,EEM45eNNW2kZ8umYQ
straw boater,Monotone,White,Black,Able Sisters,Summer,Simple,everyday; fairy tale; vacation,HeadCap,10879,YTxDHZqDGSAH3Fmjf
straw boater,Light blue,Light blue,White,Able Sisters,Summer,Simple,everyday; fairy tale; vacation,HeadCap,10880,2PYjpd6DsvQZPYdYj
straw boater,Pink,Pink,White,Able Sisters,Summer,Simple,everyday; fairy tale; vacation,HeadCap,10881,im6Xw6Z55KgRGQWQR
straw hat,Brown,Beige,Brown,Able Sisters,Summer,Simple,"everyday; comfy; vacation",HeadCap,5398,2kw2eqi5XFSgHjngX
straw hat,Blue,Beige,Blue,Able Sisters,Summer,Simple,"everyday; comfy; vacation",HeadCap,10892,s5eSXgfpd3SWJ7686
straw hat,Red,Beige,Red,Able Sisters,Summer,Simple,"everyday; comfy; vacation",HeadCap,10893,7B9BjYT2FRp9yzea9
straw umbrella hat,Brown,Beige,Beige,Crafting,All Year,Cool,fairy tale; outdoorsy,HeadCap,7254,cz6T8vemWpFgE489x
strawberry hat,Red,Pink,Green,Able Sisters,All Year,Cute,fairy tale; party; theatrical,HeadCap,5277,R8fyQu6e76ZM7bMhp
student cap,Black,Black,Black,Able Sisters,All Year,Simple,everyday; formal,HeadCap,8613,LKXDnCJeGKiLRBdTW
student cap,Berry red,Red,Red,Able Sisters,All Year,Simple,everyday; formal,HeadCap,11821,pLQ7pK4M4tLsiFaMm
student cap,Green,Green,Green,Able Sisters,All Year,Simple,everyday; formal,HeadCap,11822,6oevkR2qmiTfB24rJ
student cap,White,White,White,Able Sisters,All Year,Simple,everyday; formal,HeadCap,11823,zuDE5ZkoDRkcLg7Ws
student cap,Purple,Purple,Purple,Able Sisters,All Year,Simple,everyday; formal,HeadCap,11824,7TGkAfjWKwaMSPsq6
student cap,Gray,Gray,Gray,Able Sisters,All Year,Simple,everyday; formal,HeadCap,11825,FqCPfJocwnAnQ2pHr
student cap,Blue,Blue,Blue,Able Sisters,All Year,Simple,everyday; formal,HeadCap,11826,3uDtRSCPpTDawSyDZ
summer-solstice crown,NA,Yellow,Green,Summer Solstice Festival,All Year,Active,fairy tale; party; vacation,HeadCap,12577,joCTjPoPgEfNraHSH
sushi chef hat,White,White,White,Able Sisters,All Year,Simple,work,HeadCap,5281,DKpSqDbfvc7Ac3NWb
sushi chef hat,Dark blue,Blue,Blue,Able Sisters,All Year,Simple,work,HeadCap,11814,jSxawiyrbehb75eyJ
swimming cap,Yellow,Yellow,Yellow,Able Sisters,Summer,Active,outdoorsy; sporty; vacation,HeadCap,5283,4S6oMqjYboJTkYDYa
swimming cap,Light blue,Light blue,Light blue,Able Sisters,Summer,Active,outdoorsy; sporty; vacation,HeadCap,10753,J8ptRi3hr9cA7ygw5
swimming cap,Red,Red,Red,Able Sisters,Summer,Active,outdoorsy; sporty; vacation,HeadCap,10754,KQRwKkZbrS9Hp3Pqn
swimming cap,White,White,White,Able Sisters,Summer,Active,outdoorsy; sporty; vacation,HeadCap,10755,uAS3Zs4ySQ4pyH6RT
swimming cap,Black,Black,Black,Able Sisters,Summer,Active,outdoorsy; sporty; vacation,HeadCap,10756,rr8CrNSDXd97hv7nG
swimming cap,Blue,Blue,Blue,Able Sisters,Summer,Active,outdoorsy; sporty; vacation,HeadCap,10757,ygBbSEHmCiJKFM2qa
swimming cap,Pink,Pink,Pink,Able Sisters,Summer,Active,outdoorsy; sporty; vacation,HeadCap,10758,TwmdLhEJvcAMW5uQd
swimming cap,Green,Green,Green,Able Sisters,Summer,Active,outdoorsy; sporty; vacation,HeadCap,10759,udqqHrSyThDu74dYm
tam-o'-shanter,Red,Red,Green,Gulliver,All Year,Elegant,formal; work,HeadCap,6055,Qq6wLbwHJERy8iPM8
tam-o'-shanter,Gray,Gray,Red,Gulliver,All Year,Elegant,formal; work,HeadCap,11544,8MbGqyymgLtiQRKoe
tam-o'-shanter,Blue,Blue,Light blue,Gulliver,All Year,Elegant,formal; work,HeadCap,11545,74wMAqC9ZuKBRWFif
tam-o'-shanter,Green,Green,Orange,Gulliver,All Year,Elegant,formal; work,HeadCap,11546,3kErrPCAe35tSu5D3
terry-cloth do-rag,White,White,White,Able Sisters,All Year,Simple,outdoorsy; comfy; sporty; work,HeadCap,5311,3A87hGGENrpxFjCBM
terry-cloth do-rag,Black,Black,Black,Able Sisters,All Year,Simple,outdoorsy; comfy; sporty; work,HeadCap,10767,QEsetWK6k6rA3KjT7
terry-cloth do-rag,Blue,Blue,Blue,Able Sisters,All Year,Simple,outdoorsy; comfy; sporty; work,HeadCap,10768,kgXFxnTS4aTbADwf8
terry-cloth do-rag,Brown,Brown,Brown,Able Sisters,All Year,Simple,outdoorsy; comfy; sporty; work,HeadCap,10769,TuBbeoKqtgtPZZEGo
terry-cloth do-rag,Yellow,Yellow,Yellow,Able Sisters,All Year,Simple,outdoorsy; comfy; sporty; work,HeadCap,10770,uSWxzgQqkwXCTMdnz
terry-cloth do-rag,Berry red,Red,Red,Able Sisters,All Year,Simple,outdoorsy; comfy; sporty; work,HeadCap,10771,Cu6xAyJH8rCoWRJMb
terry-cloth nightcap,Light blue,Light blue,White,Able Sisters,All Year,Cute,fairy tale; comfy,HeadCap,5304,t4LGnGcdMvkBRWkTk
terry-cloth nightcap,Blue,Blue,White,Able Sisters,All Year,Cute,fairy tale; comfy,HeadCap,10926,vrvm6dSuy6M92diiv
terry-cloth nightcap,Green,Green,White,Able Sisters,All Year,Cute,fairy tale; comfy,HeadCap,10927,2kgwivjrJAf5ypjrF
terry-cloth nightcap,Orange,Orange,White,Able Sisters,All Year,Cute,fairy tale; comfy,HeadCap,10928,Yzut5GCm5NybgcDdz
terry-cloth nightcap,Pink,Pink,White,Able Sisters,All Year,Cute,fairy tale; comfy,HeadCap,10929,HGt3DPCTNwisbCW9m
terry-cloth nightcap,Cream,Yellow,White,Able Sisters,All Year,Cute,fairy tale; comfy,HeadCap,10930,My8DR9fYtQhGtpQXL
terry-cloth nightcap,Purple,Purple,White,Able Sisters,All Year,Cute,fairy tale; comfy,HeadCap,10931,QWqrKbreY36KWShd5
terry-cloth nightcap,Lime,Green,White,Able Sisters,All Year,Cute,fairy tale; comfy,HeadCap,10932,6BN3G63JNZJ9jDhAL
tiara,Silver,Gray,Blue,Able Sisters,All Year,Elegant,fairy tale; formal; party; theatrical,HeadHairOrnament_Top,7412,wPnrbYEAzgiH4MBCr
tiara,Rose gold,Pink,Pink,Able Sisters,All Year,Elegant,fairy tale; formal; party; theatrical,HeadHairOrnament_Top,9751,Dbzikn9yDDyrjfzhv
tiara,Gold,Yellow,Green,Able Sisters,All Year,Elegant,fairy tale; formal; party; theatrical,HeadHairOrnament_Top,9752,KQMQb3f7wmZFduaPQ
tiara hair,Silver,Gray,Colorful,Able Sisters,All Year,Gorgeous,fairy tale; formal; party; theatrical,Headgear_HasEar,6092,dhMP2ThwJYzisAXRH
tiara hair,Gold,Yellow,Colorful,Able Sisters,All Year,Gorgeous,fairy tale; formal; party; theatrical,Headgear_HasEar,9749,EdQfDQxeZYBGryJop
tiara hair,Rose gold,Pink,Colorful,Able Sisters,All Year,Gorgeous,fairy tale; formal; party; theatrical,Headgear_HasEar,9750,fsD6pcbWiDmdnF9Qr
top hat,Black,Black,Red,Able Sisters,All Year,Elegant,everyday; outdoorsy; sporty,HeadCap,5129,YvQcqHBTgjgyuCG3W
top hat,White,White,Blue,Able Sisters,All Year,Elegant,everyday; outdoorsy; sporty,HeadCap,11033,NfzKSM4CXGwoitHMy
top hat,Brown,Brown,Red,Able Sisters,All Year,Elegant,everyday; outdoorsy; sporty,HeadCap,11034,My46PzCxXpEDuwAjQ
top hat,Purple,Purple,Purple,Able Sisters,All Year,Elegant,everyday; outdoorsy; sporty,HeadCap,11035,Gn2rW4vjXj6vw5Gz6
top hat,Red,Red,Black,Able Sisters,All Year,Elegant,everyday; outdoorsy; sporty,HeadCap,11036,uydvrPNDFed35vTaf
top hat,Blue,Blue,Black,Able Sisters,All Year,Elegant,everyday; outdoorsy; sporty,HeadCap,11037,AFCuyyQqrQGgLTC9G
tropical hat,Mint,Green,Yellow,Able Sisters,Summer,Active,outdoorsy; comfy; vacation,HeadCap,11061,EYbZgXS2NmCb4mqHj
tropical hat,White,White,Yellow,Able Sisters,Summer,Active,outdoorsy; comfy; vacation,HeadCap,12041,G4gbisnhEmJMw8cYR
tropical hat,Blue,Blue,Yellow,Able Sisters,Summer,Active,outdoorsy; comfy; vacation,HeadCap,12042,WbeLRLpQrRGG6JHbx
tropical hat,Yellow,Yellow,Orange,Able Sisters,Summer,Active,outdoorsy; comfy; vacation,HeadCap,12110,LMgNdZK7QocLfopTk
tropical hat,Pink,Pink,Yellow,Able Sisters,Summer,Active,outdoorsy; comfy; vacation,HeadCap,12111,uumdb44ZbxgskiAbQ
tubeteika,Red,Red,Brown,Gulliver,All Year,Gorgeous,everyday; formal,HeadCap,10913,QFGyvXwscrvo5e89i
tubeteika,Blue,Light blue,Blue,Gulliver,All Year,Gorgeous,everyday; formal,HeadCap,12030,DN8N7BZPCEFKTDnr8
tubeteika,Camel,Orange,Brown,Gulliver,All Year,Gorgeous,everyday; formal,HeadCap,12031,A9ngwk6oXJE8XaaJE
tubeteika,Purple,Purple,Pink,Gulliver,All Year,Gorgeous,everyday; formal,HeadCap,12032,Sa9vDNBf9ocfTGG3u
tulip crown,Colorful,Red,Yellow,Crafting,All Year,Cute,fairy tale; party; vacation,HeadHairOrnament_Top,5102,boCfvbAPGLLbHxadk
tulip hat,Orange,Orange,Orange,Able Sisters,All Year,Simple,outdoorsy; comfy,HeadCap,5293,2atryTheqj4uK8rjW
tulip hat,Brown,Brown,Brown,Able Sisters,All Year,Simple,outdoorsy; comfy,HeadCap,11834,ycT7cnbbqh4N5XsrJ
tulip hat,Camel,Yellow,Yellow,Able Sisters,All Year,Simple,outdoorsy; comfy,HeadCap,11835,PvPMhvS3sWaWYG4DX
turban,Purple,White,Purple,Gulliver,All Year,Elegant,everyday; formal,Headgear_NoEar,5434,jLqvgtKncu6AqkAXw
turban,Blue,White,Light blue,Gulliver,All Year,Elegant,everyday; formal,Headgear_NoEar,11863,csnWeqARQSaAPZvMP
turban,Pink,White,Pink,Gulliver,All Year,Elegant,everyday; formal,Headgear_NoEar,11864,9Ge7K5fRmCEB9mfed
turban,Yellow,White,Yellow,Gulliver,All Year,Elegant,everyday; formal,Headgear_NoEar,11865,NN79zprnvwsTRJHyC
tweed cap,Brown,Brown,Beige,Able Sisters,All Year,Elegant,everyday; outdoorsy,HeadCap,9769,sxk5X5gG96rfuDTFn
tweed cap,Blue,Blue,Light blue,Able Sisters,All Year,Elegant,everyday; outdoorsy,HeadCap,11983,kbCkjCj5kJ7WLR29a
tweed cap,Green,Green,Green,Able Sisters,All Year,Elegant,everyday; outdoorsy,HeadCap,11984,kYQH5dhveFPmxHfWx
veil,Blue,Light blue,Yellow,Gulliver,All Year,Elegant,formal; party; theatrical,HeadFullFace,5684,aMMRZzuDjMAw2tvJa
veil,Purple,Purple,Yellow,Gulliver,All Year,Elegant,formal; party; theatrical,HeadFullFace,11881,uBW729W6LrWC2FLce
veil,Pink,Red,Yellow,Gulliver,All Year,Elegant,formal; party; theatrical,HeadFullFace,11882,peNBBPLzRX8veChtN
veil,Yellow,Yellow,Yellow,Gulliver,All Year,Elegant,formal; party; theatrical,HeadFullFace,11883,EpofotkFGiHMcHaBK
veiled gardening hat,Pink,Pink,White,Able Sisters,All Year,Active,outdoorsy; work,Headgear_NoEarNoJaw,5669,47rrN4MCnmx3nJEEi
veiled gardening hat,Blue,Light blue,White,Able Sisters,All Year,Active,outdoorsy; work,Headgear_NoEarNoJaw,11815,eyPdkLWRTMWEo2uR4
veiled gardening hat,Orange,Orange,White,Able Sisters,All Year,Active,outdoorsy; work,Headgear_NoEarNoJaw,11816,CXXNSpGqw3on976he
veiled gardening hat,Green,Green,White,Able Sisters,All Year,Active,outdoorsy; work,Headgear_NoEarNoJaw,11817,Av5unqgGpFQcP8QCw
veiled gardening hat,Purple,Purple,White,Able Sisters,All Year,Active,outdoorsy; work,Headgear_NoEarNoJaw,11818,hgw8yGyxu5CSHmWrX
viking helmet,Gray,Gray,Yellow,Able Sisters,All Year,Active,fairy tale,HeadCap,5266,537cx76ofDQmS26Ey
viking helmet,Brown,Brown,Gray,Able Sisters,All Year,Active,fairy tale,HeadCap,9739,Rv7n6ktcwehABWxT2
viking helmet,Blue,Blue,Gray,Able Sisters,All Year,Active,fairy tale,HeadCap,9740,ksgNzeQnhsKE53aCH
visual-punk wig,Hair Color,Colorful,Colorful,Able Sisters,All Year,Cool,party; theatrical; work,Headgear_HasEar,5832,vht7uMem86b7xt6mH
water-egg shell,None,Purple,Beige,Crafting,All Year,Active,fairy tale; party; theatrical,HeadCap,12444,mN8qCCPvcMABTSDyg
watermelon hat,Red,Green,Red,Able Sisters,Summer,Cute,fairy tale; party; theatrical; vacation,HeadCap,5280,PSDsGq5y7TsLDnSu7
welding mask,Red,Red,Black,Able Sisters,All Year,Active,goth; work,HeadFace,5381,jo3TyHC3dXYa2Zy4g
wide-brim straw hat,Black,Black,Black,Able Sisters,All Year,Elegant,party; vacation,HeadCap,5297,D5JmMjreRDuvczTA7
wide-brim straw hat,Beige,Beige,White,Able Sisters,All Year,Elegant,party; vacation,HeadCap,10886,Mjdf6SwHRZ8eieKFw
wide-brim straw hat,White,White,White,Able Sisters,All Year,Elegant,party; vacation,HeadCap,10887,zro4j3P3J4PyP2Ad6
windflower crown,Colorful,Colorful,Colorful,Crafting,All Year,Cute,fairy tale; party; vacation,HeadHairOrnament_Top,5099,ozmWzY5uiHT5KjnJv
wizard's cap,Blue,Blue,Yellow,Able Sisters,All Year,Active,fairy tale; party,HeadCap,5336,Wz4cvdNMErcHzjuYG
wizard's cap,Purple,Purple,Yellow,Able Sisters,All Year,Active,fairy tale; party,HeadCap,11848,v83KqYfJjaJ8BkEsu
wood-egg shell,None,Orange,Brown,Crafting,All Year,Active,fairy tale; party; theatrical,HeadCap,12442,dRt2qDxRs35EkEoPP
wrestling mask,Red,Red,Yellow,Able Sisters,All Year,Active,sporty; theatrical; work,Headgear_NoEarNoJaw,5368,dkzs77y5MAGaGYD6J
wrestling mask,Blue,Blue,Light blue,Able Sisters,All Year,Active,sporty; theatrical; work,Headgear_NoEarNoJaw,11829,GtdanqkhqvXwFfDuM
wrestling mask,Green,Green,Red,Able Sisters,All Year,Active,sporty; theatrical; work,Headgear_NoEarNoJaw,11830,i5GhcXXkWHgenBYAz
wrestling mask,Pink,Pink,Pink,Able Sisters,All Year,Active,sporty; theatrical; work,Headgear_NoEarNoJaw,11831,Tdv8RPmzv4kmoZS3N
wrestling mask,Black,Black,White,Able Sisters,All Year,Active,sporty; theatrical; work,Headgear_NoEarNoJaw,11832,MJfPeiLwjdKRRAMuh
wrestling mask,Yellow,Yellow,Orange,Able Sisters,All Year,Active,sporty; theatrical; work,Headgear_NoEarNoJaw,11833,qFHhMPcZHg8v3pha6
zap helmet,Pink,Pink,Yellow,Able Sisters,All Year,Active,fairy tale; theatrical; work,HeadFullFace,5423,XFzN8mBnHyocBiPPB
zap helmet,Blue,Blue,Yellow,Able Sisters,All Year,Active,fairy tale; theatrical; work,HeadFullFace,11800,jXuhstWBsfhdjA6xZ
zap helmet,Green,Green,Yellow,Able Sisters,All Year,Active,fairy tale; theatrical; work,HeadFullFace,11801,P2PLffHrzFct8w3fq
zap helmet,Red,Red,Yellow,Able Sisters,All Year,Active,fairy tale; theatrical; work,HeadFullFace,11802,4yKDqw7GEjCqk3Wue
zap helmet,Yellow,Yellow,Yellow,Able Sisters,All Year,Active,fairy tale; theatrical; work,HeadFullFace,11803,EdPZ9zQp885JvNb5d
zap helmet,Black,Black,Yellow,Able Sisters,All Year,Active,fairy tale; theatrical; work,HeadFullFace,11804,QSo84QtPf2Eu2DREQ
zap helmet,Silver,Gray,Yellow,Able Sisters,All Year,Active,fairy tale; theatrical; work,HeadFullFace,11805,7unEQcZkgiQdq7gGS
zap helmet,White,White,Yellow,Able Sisters,All Year,Active,fairy tale; theatrical; work,HeadFullFace,11806,6gW3vjAKFNTdKto8t
zen hair clip,Red,Red,White,Able Sisters,All Year,Cute,formal; party,HeadHairOrnament_Left,8610,6uuujwuHdzMm9ttkc
zen hair clip,Aqua,Light blue,White,Able Sisters,All Year,Cute,formal; party,HeadHairOrnament_Left,9753,NXBG3mwrurq4MrdHh
zen hair clip,Dark blue,Blue,White,Able Sisters,All Year,Cute,formal; party,HeadHairOrnament_Left,9754,Xq8heq47Gnf29twia
zen hair clip,Golden yellow,Orange,White,Able Sisters,All Year,Cute,formal; party,HeadHairOrnament_Left,9755,xHE27uf8BE7agxqmq
zen hair clip,Purple,Purple,White,Able Sisters,All Year,Cute,formal; party,HeadHairOrnament_Left,9756,fi5XGqJDLHNR3Mphw
zen hair clip,Pink,Pink,White,Able Sisters,All Year,Cute,formal; party,HeadHairOrnament_Left,9757,qpgAxNh3vFtBFBBTS
zen hair clip,Green,Green,White,Able Sisters,All Year,Cute,formal; party,HeadHairOrnament_Left,9758,ugwn64vSZgP9AhePJ
zen hair clip,Sky blue,Blue,White,Able Sisters,All Year,Cute,formal; party,HeadHairOrnament_Left,9759,uaDNGEcundJnPA63c
