Name,Color 1,Color 2,Internal ID,Unique Entry ID
Admiral's poster,Green,Blue,10814,3LW8HyqLZTJRaGQT9
Agent S's poster,Blue,Gray,10425,bZu92nbNfGmQvp54D
Agnes's poster,Pink,Black,10401,2wZBfe8Ed7QMvQ8tX
Al's poster,Red,Light blue,10590,sat2PG8L97DymZbQw
Alfonso's poster,Orange,Red,10382,NjW35Zc7MnTipYZbg
Alice's poster,Beige,White,10411,M89MiTg6MwBt38bYC
Alli's poster,Light blue,Red,10655,6yDr388PQngpmfKyw
Amelia's poster,Red,White,10687,xDPzyfpuH42GzRP25
Anabelle's poster,Yellow,Blue,10800,BpX27retKhbmi8f3F
Anchovy's poster,Brown,Light blue,10782,fNnTbreeuJ9AxCA6M
Angus's poster,Red,Orange,10807,wGwxFH8nwYXuDj8Mv
Anicotti's poster,Green,Brown,10413,YFQoYdCCWf74rHXxX
Ankha's poster,Yellow,Brown,10416,YNxQgR8caq9EAvm8b
Annalisa's poster,Beige,Pink,10824,QLhdJiM4EPJBdZvZD
Annalise's poster,Brown,Purple,10573,KeP7vMfGPMihtEeRN
Antonio's poster,Blue,Yellow,10795,TeuSXPWPNyvqpWyF7
Apollo's poster,Black,White,10512,SiD2CXoom2ufiKaHY
Apple's poster,Red,Yellow,10565,fqWJTtNBSXH4JTa4W
Astrid's poster,White,Black,10493,ha3PS72Re4aZznfPB
Audie's poster,Red,Yellow,10859,ji4EcitFLpu8pxguu
Aurora's poster,Black,Red,10563,iPnQ3k2KAts6ZohZu
Ava's poster,Beige,Pink,10467,XuCCq3DgwaAREjgnY
Avery's poster,Gray,Black,10370,5aP6GoQ2YiTHaN523
Axel's poster,Blue,Red,10319,5BGYmdDam5ddHkktX
Baabara's poster,Brown,Light blue,10508,hmmcqfFiWWoWNQfre
Bam's poster,Blue,Green,10456,N5FWLxwNYM2Qb4CsD
Bangle's poster,Brown,Green,10672,waGuCcp47Jd8riQgL
Barold's poster,Gray,Black,10583,F9dscB8bM2NRt4DHz
Bea's poster,Light blue,Brown,10632,QANup429jzLZ9RtGw
Beardo's poster,Light blue,Brown,10788,oDTLWzHGazre6rf2d
Beau's poster,Light blue,Brown,10396,akpHWn6ftgCh2DkQn
Becky's poster,Purple,Red,10580,FKSnKjqAcon3Xnsbh
Bella's poster,Purple,White,10681,2ZzkQFMSyPpDWBFwN
Benedict's poster,Red,Green,10400,LW8FbZ42R53sf8Gmr
Benjamin's poster,Yellow,Green,10695,4gXWSoNbnL5ejGPbe
Bertha's poster,Pink,Green,10322,NLbdnzL9z9rAsyDLi
Bettina's poster,Orange,Blue,10403,SCYyGPKpf7aK3PXD7
Bianca's poster,Light blue,Blue,10393,odXRHQpFx3rB3QGTQ
Biff's poster,Red,Black,10682,qhFwx4ArLikXPrHa8
Big Top's poster,Green,Yellow,10426,mkPhKXgL5CiHPjWRt
Bill's poster,Brown,Yellow,10653,sYPGCn8NjP6R9byDv
Billy's poster,Brown,Green,10620,NGA6CZqcPu5H3NXbn
Biskit's poster,Orange,Purple,10496,RsGh3NwxT4szECdgL
Bitty's poster,Pink,Red,10622,cAuB9k5uSv46zLv9t
Blaire's poster,Black,Brown,10369,dZZxMyzvStPjj2snD
Blanca's poster,White,Light blue,10343,HGSmXooFFtwAMcxHX
Blanche's poster,White,Pink,10478,R6Rw4ctwjDY9e28et
Blathers's poster,Brown,Beige,10324,gaPCze5wML6Qug2jZ
Bluebear's poster,Light blue,Purple,10652,3xyh2F9XMHniXeMPj
Bob's poster,Purple,Light blue,10797,z2W6hsJ38PNXr5JBS
Bonbon's poster,Brown,Red,10666,9bjNfEmfXHogQLLy9
Bones's poster,Beige,Pink,10548,gCMMRqr89tRzSDsfi
Booker's poster,Orange,Blue,10336,iLRZ2sLsR5JpnstFW
Boomer's poster,Black,Blue,10506,AaTWfB3HwMLdb66oj
Boone's poster,Brown,White,10534,x73G2vr9yLgmGFkAz
Boots's poster,Green,Blue,10634,sx9Msn3pFgbL797cq
Boris's poster,Blue,Red,10613,jWhj4NpRxCTr6448J
Boyd's poster,Red,Blue,10621,ZLgQCoaTBm2ampuyF
Bree's poster,Green,Pink,10486,hwiRhRj9ns5DYLxh4
Brewster's poster,Green,Black,10516,MvWLaRvLhvzFLL33M
Broccolo's poster,Light blue,Colorful,10378,jtgSXuiFeXrhqcndu
Broffina's poster,Orange,Black,10535,CPcRxGMpcoM7eJDED
Bruce's poster,Gray,Orange,10594,Avb77qhMp3B6QgAXm
Bubbles's poster,Orange,Purple,10447,pbKEfdRSQB6aLq8KK
Buck's poster,Green,Brown,10485,j2RuomkgYQHRXvyMr
Bud's poster,Brown,Light blue,10398,CLSFvYYxsYPxWZ46r
Bunnie's poster,Red,Beige,10316,SLfwmbskgPWmkKZyz
Butch's poster,Brown,Green,10385,MeC9zFBwnNcMr6aaA
Buzz's poster,Brown,Light blue,10648,ooxssY2sNRY35R7Tj
Cally's poster,Beige,Red,10600,9C75xv9doaZLWpnKt
Camofrog's poster,Green,Brown,10412,BB9Jwomm4GExvnoTE
Canberra's poster,Orange,Light blue,10451,E9tQeMSWQKoNgSxvo
Candi's poster,Pink,Yellow,10637,YgLmQYuHf259anCYZ
Carmen's poster,Brown,Green,10374,RFRW8GSsCgM66CgLP
Caroline's poster,Red,Blue,10507,wkEbaPiiNzejEB4zE
Carrie's poster,Orange,Red,10615,zgkHz6cjBecbyqG3F
Cashmere's poster,White,Purple,10640,8GcwQ4DCdGddLw7mr
Celeste's poster,Brown,Blue,10334,QiRLGPEKXAy9CnsnD
Celia's poster,White,Green,10568,dt9NAEkoWCwzwPEdc
Cesar's poster,Beige,Orange,10373,e4KkHQ82KgXQTCABf
Chadder's poster,Yellow,Blue,10501,EASeGQP4RzhCSeruR
Charlise's poster,Green,Red,10778,Y84YAXuwcwTW6E58c
Cheri's poster,Red,Blue,10570,CYXPqX7QRipEbNadc
Cherry's poster,Red,Black,10689,AHm3qpXemG6uwXER6
Chester's poster,White,Yellow,10468,rx2AJ8Pyk3RCEgPYE
Chevre's poster,White,Red,10461,QE6gma6op497WQszD
Chief's poster,Orange,Beige,10315,pdozFdt9MCk7zkAF7
Chip's poster,Blue,Beige,10345,dMPLdh2gpsxvQBynf
Chops's poster,Beige,Red,10414,bXDLH8xnxjJBEnsG4
Chow's poster,Pink,Black,10803,NE5kjZejyKSehbjE5
Chrissy's poster,Pink,Purple,10515,99G5xnagWg9EMz8Ye
Cinnamoroll poster,Light blue,Light blue,11124,EFHuxMqC34e4se2EB
Claude's poster,Brown,Beige,10628,FooozdRN5X7cNudTB
Claudia's poster,Pink,White,10504,qFn6XSJerSuZzBZ69
Clay's poster,Brown,Black,10317,w2ZH8ZhMikGXAkpt3
Cleo's poster,Purple,Light blue,10649,GRzGAf4uCmStEdeKs
Clyde's poster,Yellow,Pink,10680,fk9cqFYGfCkxsSHnp
Coach's poster,Yellow,Blue,10356,4qKaNfyw4Rf3Ppg3D
Cobb's poster,Green,White,10686,YqhHWLz3MD2kSXySK
Coco's poster,Beige,Brown,10379,mxYiTvmbSJvvYyBZr
Cole's poster,Black,Yellow,10326,uNXPqK69E4SJAcu5H
Colton's poster,White,Colorful,10452,NAj8Rbq9ZBeZno8Mf
Cookie's poster,Pink,Purple,10367,NjkN3PbZeCLH2bHrS
Copper's poster,Orange,Blue,10335,cCGcZbrAb3qzbFcwi
Cousteau's poster,Orange,Green,10448,YaoyrgwiKWhTDzpMT
Cranston's poster,White,Red,10597,vpsfDyXTLmmKHScbh
Croque's poster,Orange,Red,10536,dRTnqq9pYTtLGmZZt
Cube's poster,Black,Yellow,10503,RHnvrKdMWPGmgQuRL
Curlos's poster,Brown,Yellow,10488,LGBtFiwyq2dDaBbAH
Curly's poster,Pink,Green,10505,t96aFDvs7vvawzpxw
Curt's poster,Gray,Brown,10799,fxp5q9KEbJyawPHJh
Cyd's poster,Red,Black,10862,fMqS7p25Ce7AeNHQu
Cyrano's poster,Orange,White,10323,8gtoycLmDBmekNKT4
Cyrus's poster,Light blue,Pink,10435,bXFWNkhRXNDK4xrZb
Daisy's poster,White,Beige,10474,i6JsESCdxf5zwviyq
Deena's poster,Brown,Beige,10670,D3h6EQjsNAztjCRfe
Deirdre's poster,Beige,Red,10459,GMyyD2RjAEy2zZmQA
Del's poster,Black,Blue,10444,vcDvoY9rJnC3otJJ5
Deli's poster,Beige,Brown,10654,ihA8W7QC64yvcX4Dd
Derwin's poster,Blue,Pink,10513,kW78nMBfHq8gMESeW
Diana's poster,Pink,Purple,10318,DCsydZ2kDaQboP2cH
Digby's poster,Brown,Red,10438,DDnrdkrKS3gydwXFg
Diva's poster,Purple,Yellow,10473,DFaoZCfhCAoDfJeL3
Dizzy's poster,Gray,Light blue,10532,iS3siYo7R4GHfMueZ
DJ KK's poster,White,Black,10776,KEcLDYnnCo7vK5q8e
Dobie's poster,Green,Blue,10647,sFtyFkaMTWLEK8pBe
Doc's poster,Blue,Black,10576,urZhQYJooL9z5brAp
Dom's poster,Beige,Colorful,10864,hyZvWM6kXL5S7qcbN
Don's poster,Brown,Light blue,10342,Zmv4J7T7MzrA3BiiL
Dora's poster,White,Green,10495,dQNwh3KfyjgWh7zcX
Dotty's poster,Black,White,10541,ZE7NejHgbNbWwKet3
Drago's poster,Green,Yellow,10462,PMHRAgvrXSzeCTxAG
Drake's poster,Green,Brown,10410,b8KDfw2FJSSKW9RZ2
Drift's poster,Red,Green,10417,njaJzwtZqaysdEp27
Ed's poster,Light blue,Black,10392,eWCrXdE8WLNmzCpt5
Egbert's poster,Yellow,Blue,10366,fAjaNGHS6ifysow2A
Elise's poster,Beige,Purple,10558,psyxsd4TSQqTpqCF3
Ellie's poster,Beige,Red,10633,ikYj9syTrveaneTpH
Elmer's poster,Brown,Green,10555,C9q7EjfE7yngzLfDZ
Eloise's poster,Yellow,Red,10464,qkGmSWAZucgyicJX4
Elvis's poster,Yellow,Red,10450,zSZ2PjrMqbi92ouyo
Erik's poster,Brown,Blue,10540,SZQ5fL8at72ix4sFe
Eugene's poster,Brown,Black,10692,wirdymvTF7KDZstQc
Eunice's poster,Black,Beige,10693,p8r2YdqbnvwNeQG22
Fang's poster,Beige,Light blue,10544,PBezp9kgWwgQGrYfk
Fauna's poster,Brown,Light blue,10530,fKGHGAmtfWncvkHgo
Felicity's poster,Beige,Green,10348,bXCSRi4tYQ3BLSvTg
Filbert's poster,Light blue,Blue,10394,384yubdrdXXGpPsXg
Flip's poster,Orange,Blue,10406,4FoyuaAPfghooYopD
Flo's poster,Blue,Red,10685,JTHTByp4hhTaNnkE6
Flora's poster,Pink,Yellow,10490,AowHdppMsbs5tSftb
Flurry's poster,White,Red,10679,CKMDibMPGaRz57jtP
Francine's poster,Light blue,Purple,10514,HnqwJ8ky62DNrPd3K
Frank's poster,Green,Yellow,10500,oxZPqqFSJ92BLhCSE
Franklin's poster,Pink,Purple,10781,K8zKZgXpTJcmS2iGf
Freckles's poster,Red,Yellow,10455,dNbWn5557KTKt6a6x
Freya's poster,Pink,Brown,10424,3r5iQhh4MzddN57i3
Friga's poster,Blue,White,10457,S67mk3TaAorCcg2B6
Frita's poster,Yellow,Red,10545,ZgbE94Tvoiyw4S6r6
Frobert's poster,Green,Green,10598,3YkQ5ondJhSiryAG3
Fuchsia's poster,Purple,Purple,10352,snoGJLXmKAWAi95kK
Gabi's poster,White,Red,10386,YWu8D8TPSnTPkxErM
Gala's poster,Pink,Light blue,10482,rYCrunBXnTNteRv5N
Gaston's poster,Yellow,Black,10479,Nqq3fo795gkfaZvZr
Gayle's poster,Pink,Pink,10596,ahyNZuX8jmHBwcH52
Genji's poster,White,Brown,10469,fMsQxgbfPwD43s8j6
Gigi's poster,Purple,Black,10657,z6HWKytucT8RBny2S
Gladys's poster,Black,Red,10422,fZsAotKPAiq3s8CyY
Gloria's poster,Purple,Black,10586,vABPw4w3gtosGofsb
Goldie's poster,Yellow,Brown,10523,6joFrAvxYe2TP6mMu
Gonzo's poster,Gray,Brown,10643,SnFZm46JXpmXvBLxB
Goose's poster,White,Green,10694,fSckhCuP8uD8X2STZ
Gracie's poster,Blue,Green,10518,t4J7Xm9f6hF3pTQqy
Graham's poster,Yellow,Black,10529,fREmTL9CRpggrRWj6
Grams's poster,Green,Blue,10436,aggbrSpzGBPoiLHmB
Greta's poster,Beige,Black,10470,YANGzo2FSNuKcSQSR
Grizzly's poster,Black,Red,10806,DvhjJCJdQqyhfh5tp
Groucho's poster,Blue,Black,10380,dgztdN3egmnWSBLHZ
Gruff's poster,Green,Black,10678,qDhcumxg5aKZtJGYX
Gulliver's poster,White,Blue,10521,tK8BZwPuX6kK9ahM2
Gwen's poster,Purple,Green,10355,vFkmrjEsPRLXSBhoB
Hamlet's poster,Orange,Light blue,10492,PHQtpu28bZDRwBDem
Hamphrey's poster,Black,Red,10423,PCqd56FbktaoxvdCg
Hans's poster,Light blue,Blue,10460,To3etNrQ66SeLdGsh
Harriet's poster,Pink,Beige,10787,5rRqR67vrGQNbCB2Z
Harry's poster,Yellow,Black,10353,8xncZd9cASERiBkoQ
Hazel's poster,Orange,Red,10466,GY2G9ZAupjDsGh9ny
Hello Kitty poster,Red,Colorful,11121,JLBPLz28yBaZibFnP
Henry's poster,Green,Beige,10321,PxJd3Np97eRxSi4cw
Hippeux's poster,Yellow,Orange,10588,r8HHxXv35HYJZLgBX
Hopkins's poster,Light blue,Yellow,10604,vwubp2G98EwG9wQn5
Hopper's poster,Black,Yellow,10408,Wr67dnC9ES4CBQWsg
Hornsby's poster,Blue,Green,10608,SotA8rs7xafgCN9GC
Huck's poster,Gray,Red,10611,WyWCjNW35s8sfGCmG
Hugh's poster,Blue,Green,10407,nBHB3KxJo2M7rvvpa
Iggly's poster,White,Red,10602,jXmkSynB9wbbLAGeN
Ike's poster,Brown,Gray,10650,BvyHkZkFkZQBXo6hP
Isabelle's poster,Yellow,Green,10312,JZskBPpfNn2j8Y4ez
Jack's poster,Orange,Black,10346,eHe9eJNzzhnz8qM7E
Jacob's poster,Purple,Black,10813,kLbJPxa42uuBeWkEh
Jacques's poster,Green,Pink,10804,tLzEPfsxDk4GdPCXn
Jambette's poster,Blue,Green,10617,C6J6e7YNdwnWm2xQD
Jay's poster,Blue,Orange,10404,S5uNxrc9PWrQSGGM9
Jeremiah's poster,Brown,Colorful,10688,492Z37sKbLhpW3E2Q
Jingle's poster,Green,Light blue,10439,i82Sovcj8NNADYKFQ
Jitters's poster,Brown,Blue,10818,ntewDyTP3NHyPBpky
Joan's poster,Yellow,Light blue,10430,STBLD9MdjEcDLEtQA
Joey's poster,Pink,Purple,10483,9wGk3RWRqvbADAThJ
Judy's poster,Blue,Green,10858,BSZxPAtc9wijEHjY3
Julia's poster,Light blue,Red,10630,xTdmhyg8DfCRFE3Gt
Julian's poster,Brown,Red,10402,H67skvQkXRDP6ysBQ
June's poster,White,Black,10605,8PepBgrbB9RE592ey
K.K.'s poster,White,Colorful,10331,2uh73fgYt64x8qHcf
Kabuki's poster,Green,Blue,10817,ka78h2ybyfwgzorrY
Kapp'n's poster,Yellow,Light blue,10354,jsRtBGxBgxxkZgfS6
Katie's poster,Black,Light blue,10337,PjrtRLSi74NhGXivc
Katrina's poster,Brown,Black,10517,oYNatxRpaQL2NcDZJ
Katt's poster,Light blue,Yellow,10528,XwMjDn6KyDjrLwk2b
Keaton's poster,Blue,Black,10421,TWDjx79bak89KucSR
Ken's poster,Green,Light blue,10445,5mPnzbgfKfeC8aWbN
Kerokerokeroppi poster,Red,Yellow,11126,nDtn6gnAxCiP8eLC8
Ketchup's poster,Brown,Black,10616,uEKpxhL4J8JTxxvZo
Kevin's poster,Black,Beige,10585,zpvLH5kgqZHDF8rP4
Kicks's poster,Red,Yellow,10332,L7pqyXuw7FQJqKE6B
Kid Cat's poster,Purple,Gray,10779,uRRKypDsFvkrGterg
Kidd's poster,Colorful,White,10364,sYX45oaDEBt2sPDgQ
Kiki & Lala poster,Black,Green,11123,wCjEFxMEQM2zNicuu
Kiki's poster,Green,Purple,10816,Dk5BzAKu8N9LQnYkZ
Kitt's poster,Beige,Blue,10357,NovHZTsrhXq6MKxZP
Kitty's poster,Gray,Red,10395,2ghKna6PJ3mLc5G6J
Klaus's poster,Yellow,Red,10790,wgdvS7m85WBiRGYxC
Knox's poster,Light blue,Brown,10664,iqCi67XSDF7jsbh9n
Kody's poster,Beige,Black,10442,M8dvRxXvbF4pwG6K5
Kyle's poster,Purple,Beige,10579,7tsLLFWjXFSEiZKNj
Label's poster,Beige,Green,10333,bouR8wqhxWdWxcozP
Leif's poster,Green,Blue,10433,479Jpj2rKt3krSWKr
Leila's poster,Green,Blue,10340,T8K5ssfqGcMFeK4jD
Leilani's poster,Orange,Black,10519,mD9exPhssPLzi9LMy
Leonardo's poster,Green,Beige,10560,W8XgJpunYdkimw3iY
Leopold's poster,Light blue,White,10638,T6mqtmyyx8dfkaEPi
Lily's poster,Orange,Beige,10440,qNPEPEhfRWjR9JGaH
Limberg's poster,Brown,Black,10669,aTKk5z6FNKmKcteHm
Lionel's poster,Purple,Gray,10684,h2eipZxGcXQMGcute
Lobo's poster,Light blue,Red,10587,JsHp9N7tK7EYew9cY
Lolly's poster,Beige,Red,10539,DCjmNrKoSdezosC7L
Lopez's poster,Pink,Colorful,10606,c2T2ffzJiDzkDDgkX
Lottie's poster,Brown,Black,10773,NeBr9m39gZWTE67ip
Louie's poster,Red,Black,10631,YGocvEr5xSrwEyyBr
Lucha's poster,White,Black,10351,FuMAySGGdRpceCHmF
Lucky's poster,White,Red,10591,NBwMT64cTiBGWfHzi
Lucy's poster,Black,Purple,10554,gQCvrkNodW2dadvxS
Luna's poster,Colorful,Blue,10491,QNtzysxx2y7vh9i5z
Lyle's poster,Green,Light blue,10794,mF38B4FfLioAGckf3
Lyman's poster,Blue,Yellow,10498,ym9m653hvKttEvzbz
Mabel's poster,Brown,Blue,10432,jDspKzfjL4ifqKKGN
Mac's poster,Brown,Green,10463,BGAMF9xCCvvNSNoL3
Maddie's poster,Brown,Yellow,10619,qx2FcWFxYukgoijJC
Maelle's poster,Yellow,Pink,10593,cCbb4GL6gwDwxDfns
Maggie's poster,Purple,Blue,10623,TyJ2wNNQEJCT8HjBf
Mallary's poster,Brown,Green,10526,S9s8sRyu3gj2vbETW
Maple's poster,White,Green,10510,2yp9tMysLezkZCqYX
Marcel's poster,Pink,Beige,10419,mndThbsdHgzuK5TQA
Marcie's poster,White,Pink,10659,YnNMaDEdXcjPf4kXE
Margie's poster,Pink,Light blue,10589,PJALmLKxsy2CSaJqk
Marina's poster,Beige,Blue,10453,abCC5BwJ3zZwHotvW
Marshal's poster,Black,Red,10480,yjbhaKJkeukwqBwb5
Mathilda's poster,Purple,Yellow,10391,ARneKZJqgYgpuWBrd
Megan's poster,Beige,Green,10860,JqFWTY4AQnzyw7SSG
Melba's poster,Pink,Beige,10547,mCdW2huGBG2GQah4s
Merengue's poster,Beige,Pink,10502,sjAtXqX3cdmfH7LR2
Merry's poster,Pink,Green,10789,SmQM4CpTYTjgA2QPA
Midge's poster,Green,Pink,10677,AkRpzPF7F2EjAbhKp
Mint's poster,Yellow,Pink,10675,3Qs2gxtaysBLdZhj3
Mira's poster,Pink,Light blue,10561,5wZA5i2WExoGgEDMT
Miranda's poster,Blue,Red,10443,3jAJ84iWwQgDZuowy
Mitzi's poster,Blue,Green,10784,Gzbym5uhofgDe5vcb
Moe's poster,Beige,Light blue,10791,NJimB4NJGeZvqduBS
Molly's poster,Beige,Red,10329,insQsxRd2CxfM4Bwn
Monique's poster,Gray,Pink,10820,fk94HYBhoFD43dyg6
Monty's poster,Gray,Yellow,10494,oB66Qn8dJXynGwSq2
Moose's poster,Yellow,Brown,10387,NffRTDwwk9ZgHxPfr
Mott's poster,Purple,Black,10525,8D7rDprK2wPhDrqXX
Muffy's poster,Green,Brown,10320,nSY846smvcW8njJWb
Murphy's poster,Pink,Pink,10624,sAN9iY3CkvTgBZNSf
My Melody poster,Black,Pink,11125,NkGhj9wEKEz9WDn4r
Nan's poster,Pink,Beige,10397,kDef5hy9Jwpp78TwA
Nana's poster,Blue,Pink,10371,wXtLJdh96jjfk3qAr
Naomi's poster,Green,Green,10551,CYQTwqw2jD7m4hqDo
Nat's poster,Green,Light blue,10344,GatATgRPew2fbhLqZ
Nate's poster,Green,Pink,10821,3ba3633qemEjrp6Gr
Nibbles's poster,Light blue,Pink,10584,dh87Y3CghjDFEyC5g
Norma's poster,Brown,Blue,10642,TnzkjhqiNBJNt52fB
O'Hare's poster,Red,Colorful,10595,69E4TGxBfYuFSZ3HW
Octavian's poster,Brown,Black,10662,xt366zvNGkh9k8RRq
Olaf's poster,Gray,Green,10801,rQRn8zwk8TYt74wEj
Olive's poster,White,Black,10646,QbAbpgX27ZiwGpHfg
Olivia's poster,Green,Brown,10774,BJ36te5Fi3TLg7up8
Opal's poster,Beige,Red,10667,pfSG4h38oqXXjX75y
Ozzie's poster,Brown,Yellow,10349,Bxtk7wH46nTdfoDm2
Pancetti's poster,Green,Beige,10314,cqmJyPDrG3zphjDmw
Pango's poster,Pink,Yellow,10420,T74Khp6MHyMZz7wQR
Paolo's poster,White,Light blue,10607,9RXWnBpXqP69P29Am
Papi's poster,Red,Light blue,10564,gFuSpPgzK3qhRxpMd
Pascal's poster,Orange,Beige,10785,s9gsDeXpBZko5dC7N
Pashmina's poster,Light blue,Red,10537,EoFDGNWh6MQ3fQk8x
Pate's poster,Brown,Light blue,10361,BCSDAP6Thy2j27rWW
Patty's poster,Beige,Pink,10656,9Stwami7PmDiaDtXv
Paula's poster,Light blue,Pink,10783,Xys5WuR7EDrCAkse9
Pavé's poster,Pink,Light blue,10520,DrPiaDYcC2uPzdFei
Peaches's poster,Pink,Yellow,10531,ngwv63CtqKcs8Kg7b
Peanut's poster,Brown,Purple,10325,MnZfv6fnwEvz3sZ99
Pecan's poster,Brown,Black,10409,RhbivX9ib8qNhm8c2
Peck's poster,Black,Orange,10372,EaufFcRYaYiRuXW2T
Peewee's poster,Beige,Red,10552,4FNjRX8d3sJHbZNtH
Peggy's poster,Beige,Yellow,10571,7mnXGKHRhZ3tERd83
Pekoe's poster,White,Red,10390,hy3xDEftPwdwtewzn
Pelly's poster,Pink,Blue,10429,rx7vSdNA8cptMnTKt
Penelope's poster,Green,Red,10533,doWPazS5bS3wBFgGY
Pete's poster,Purple,Brown,10780,iqAmPpqw5nTuuxBA2
Phil's poster,Beige,Green,10673,2tD5bDewsDvAr8paW
Phineas's poster,Red,Yellow,10796,dFmiXS9mNaiWGtraj
Phoebe's poster,Purple,Red,10365,b5BRkBoBabQWQfDFB
Phyllis's poster,Light blue,Beige,10431,EDke5sFz22n6piqGc
Pierce's poster,Colorful,Beige,10542,q57YsxdMrBCg9dqih
Pietro's poster,Pink,Red,10562,usRJPn5nKEnttEiEA
Pinky's poster,White,Green,10798,mF7EBZdy7jHJEuxdy
Piper's poster,Beige,Red,10810,tJZikjCbpYe3qudyM
Pippy's poster,Brown,Light blue,10484,r3nnNRwtnx4Ph3JRg
Plucky's poster,White,Pink,10626,DXzghL3rjAHowzXv5
Pompom's poster,Yellow,Brown,10577,CjL8Pai95uENFwfvE
Pompompurin poster,Blue,Green,11122,4mfRv2QWJ4fdX5ffm
Poncho's poster,Red,Light blue,10347,axATkjYgRYfJayEco
Poppy's poster,Beige,Blue,10668,FNNpWdBszy5ehyWkh
Porter's poster,White,Purple,10339,gqADp6MHop7Y5re8B
Portia's poster,Green,Light blue,10550,hYpzBnyy6CvMP2YYn
Prince's poster,Blue,White,10360,68H5r3uMwggsc2kmJ
Puck's poster,Pink,Green,10660,6Se2MqCNcHdGWqeC5
Puddles's poster,Orange,Green,10556,tunDgBMtwSifLLdN3
Pudge's poster,Black,White,10676,dDSKfTya3QTyh8Gjy
Punchy's poster,Beige,Brown,10819,3r4vhGwkYtLyEqwJA
Purrl's poster,Purple,Beige,10802,BjNrvZWnP5PC6iNLH
Queenie's poster,Green,Gray,10543,n3Gdn5yw4h82w5op8
Quillson's poster,Black,Yellow,10658,6YBcYo6SHaAauLbig
Raddle's poster,Red,Blue,10629,MeqY2RNGciids5NpS
Rasher's poster,Gray,Beige,10625,nrLJn9e3mYfWpDBEJ
Raymond's poster,Orange,Green,10861,dgpJWYgReKo6wz4ze
Redd's poster,Pink,Red,10471,Qcucx9kPNCvZi3rgn
Reese's poster,Pink,White,10772,MHeBTtcqpeMayYKRP
Renée's poster,Black,Blue,10599,99uKcRHczGSMYQyKR
Reneigh's poster,Brown,Light blue,10857,j2Wy2BRT84wYdjwRq
Resetti's poster,Brown,Light blue,10313,7Jx8EuSDuPkB7dGRe
Rex's poster,White,Purple,10618,pbnFnNJW6Skb7ApeN
Rhonda's poster,Gray,Yellow,10383,rDPrwQyncvtAkXSaW
Ribbot's poster,Orange,Blue,10572,4Zx8Z4oBos9JWo2Nk
Ricky's poster,Purple,Blue,10458,8g74W8PLgPxTjHQfC
Rizzo's poster,Blue,Red,10581,2Wfu27tu8sW7yhtXh
Roald's poster,Blue,Yellow,10328,2JqzTaAK3zFcYXsmd
Robin's poster,Green,Black,10809,fkMnRaekK68Dkb82F
Rocco's poster,Pink,Light blue,10527,GFFmrGWEBDXG9J828
Rocket's poster,Purple,Light blue,10427,oK3iva4CM3NjutKsv
Rod's poster,Gray,Black,10566,vj7Kd8rRxkczdCxd8
Rodeo's poster,Light blue,Beige,10446,GoRjEdZ8NAYvJgLCx
Rodney's poster,White,Blue,10375,8eytJgiTY3dfE3fET
Rolf's poster,Light blue,Black,10509,LSD8WgchGo9wgNK3J
Rooney's poster,Orange,Light blue,10487,dhMJ7rW6LBEJSjMLL
Rory's poster,Black,Gray,10557,hGEuTdFLSTDctRfQP
Roscoe's poster,Blue,Pink,10690,YgRqmquNZSJoSD77K
Rosie's poster,Blue,Red,10805,p4q894fdXqasrD3F6
Rover's poster,Orange,Light blue,10428,RciiC2AtWQhwFrmj2
Rowan's poster,White,Blue,10592,zAH4Wk9Sjoc5ne3mE
Ruby's poster,Brown,Colorful,10399,EhTjGy9tKqa7BRcNH
Rudy's poster,Brown,Green,10549,GjGb4j72Sk8TopGDX
Sable's poster,Beige,Light blue,10777,NepqxHJBZ64HNhvvk
Saharah's poster,Orange,Green,10481,DZXW3BBTPajvAKHuM
Sally's poster,Gray,Green,10575,LZoFLnj6X9CieDhBu
Samson's poster,Orange,Blue,10674,pn9B8vsw4LemWmLJX
Sandy's poster,White,Red,10627,4ZWauJWaoKwmnoLf4
Savannah's poster,Green,Blue,10363,6X7oQFBzeo7eduLSt
Scoot's poster,Gray,Green,10376,SPvZRZRT9rvK6WxWD
Shari's poster,Yellow,Red,10661,XiPaZJCqNPyayrvjD
Sheldon's poster,Brown,Beige,10645,H9QQe5uwwacHR2af8
Shep's poster,Light blue,Pink,10538,X2eFhNeeTmrgiBAYm
Sherb's poster,Red,Colorful,10863,MtpEJs8aWA7FjyMdR
Shrunk's poster,Yellow,Red,10341,b59v7Q9atMaXQHQ2m
Simon's poster,Light blue,Red,10601,KBpcAwebS8hqjKt55
Skye's poster,Orange,Brown,10489,Bndg4QmkodaMZK3Xy
Sly's poster,Pink,Blue,10368,WjYc2DZzXggCBJAhP
Snake's poster,Pink,Green,10671,hspZqPbmbMm6sBz4u
Snooty's poster,Orange,Light blue,10815,fyBvdEE3vBQZchZEF
Soleil's poster,Brown,Blue,10511,hXSKWWGwXrqx8j2Ge
Sparro's poster,Orange,Black,10793,39i5FbPrnb6Lmswnt
Spike's poster,White,Pink,10639,Koz4P4HPBqaGQGoc6
Spork's poster,Green,Black,10454,uro5Da2XjsZbBkpu9
Sprinkle's poster,Purple,Brown,10405,Fy44A4HLgaEE7FzZ5
Sprocket's poster,Pink,Light blue,10644,ZKuhJykkuAPgQMFQ5
Static's poster,Gray,Blue,10567,Bnb2HgCH9uGMZ6AKE
Stella's poster,Red,Gray,10609,SRT6BKWnwc6anR6R2
Sterling's poster,Colorful,Light blue,10665,LLGB3Bpi7ogwfkTTQ
Stinky's poster,Blue,Blue,10475,skv2ujAkXaTzzzibE
Stitches's poster,Purple,Yellow,10524,zQfw76eKCFPrsTifN
Stu's poster,Brown,Purple,10811,wXjvXJe2zahfKnCPo
Sydney's poster,Purple,Orange,10582,sJWRfm2jKjDnRL34G
Sylvana's poster,Gray,Blue,10612,4rGhkCXbsJjcGfDBi
Sylvia's poster,Orange,Black,10574,vYpAatEfgag85wdWu
T-Bone's poster,Green,Blue,10823,LkP5AroMHJ74fGFCc
Tabby's poster,Yellow,Purple,10441,CcGQqRYaXDYm5HNsT
Tad's poster,Yellow,Light blue,10641,RQdREf3jMXN3N8K9S
Tammi's poster,Orange,Green,10476,SP6kTCmaurLMan4om
Tammy's poster,Gray,Red,10553,nEhjF7QncKCaM9p4h
Tangy's poster,Black,Brown,10786,6uuJaHwede2mokjHe
Tank's poster,Orange,Colorful,10578,MDBKhCriuHzaE5AgG
Tasha's poster,Black,Gray,10651,dMoK3ABwTdz23zXci
Teddy's poster,White,Light blue,10775,ixTvEwsDwk6Ds3GEP
Tex's poster,White,Black,10546,Hboyp3aaRPYnz2oRS
Tia's poster,Brown,Blue,10350,fuMQLKHZknMec5QCE
Tiffany's poster,Brown,Green,10635,jXww4iHeKwHfSdEFm
Timbra's poster,White,Pink,10388,fAvLHWtjGMqQspwo9
Timmy's poster,Brown,Green,10437,9HKZ7Yobdm8uzLi7P
Tipper's poster,Blue,Black,10359,2NfZ7Lyaf3h6KQm9m
Tom Nook's poster,Brown,Green,10384,LoA9QSgWvDs9swufc
Tom's poster,Green,Blue,10358,486Hm28f8Lhf7hKrR
Tommy's poster,Pink,Orange,10338,PsfADt3JFH9hgjwH2
Tortimer's poster,Orange,Yellow,10792,grE9hynn8SMezzhzp
Truffles's poster,White,Red,10691,aLBvsBuFd4keRH5hy
Tucker's poster,Yellow,Light blue,10477,jawmneAPTuqjCAa4c
Tutu's poster,Orange,Orange,10822,LgubGXNTTf3BP3aLN
Twiggy's poster,Pink,Yellow,10808,vEZEfxNrygmD65jCr
Tybalt's poster,Pink,Brown,10610,7XvykMJkTtZWSatzZ
Ursala's poster,White,Black,10812,96m3vKMmkCcXDZiQe
Velma's poster,Brown,Black,10449,B9RkWdsytySCKWFqD
Vesta's poster,Yellow,Green,10418,ScsCTZ4iJAAs8bpZA
Vic's poster,Red,Yellow,10415,KwZBqFXpduKCuoDhp
Victoria's poster,Pink,Green,10497,Bv2eZ9NBpWmwSFjgx
Villager's poster,Brown,Beige,10741,N6qEa462dfQ3kM2kv
Violet's poster,Pink,Gray,10499,fsjvirmWruvYmPq8c
Vivian's poster,Black,Blue,10603,hkAe3oJA89HzDobh3
Vladimir's poster,Gray,Green,10362,PTTctzp4KtCAceqkJ
Wade's poster,Gray,Brown,10614,DypctyNoZp6NcNTRH
Walker's poster,Orange,Green,10330,iA3PhsCuMmX8K4gLQ
Walt's poster,Pink,Beige,10559,QFKnT3NvdbZDwus4R
Wart Jr.'s poster,Light blue,Beige,10465,d2v37bvLF2HWXcB7R
Weber's poster,Red,Light blue,10636,6SgMa63zsFYoe7x3n
Wendell's poster,Light blue,Brown,10434,k6zcPwQCXoL4ACve9
Wendy's poster,Yellow,Pink,10381,4JqnDBARuzDahPbcZ
Whitney's poster,Beige,Light blue,10377,NxQfGWG5374SZkjZd
Willow's poster,Blue,Brown,10327,rZJ77yhzuexaKnAkx
Winnie's poster,Blue,Green,10663,F9weeZH5Ey8sZ374Q
Wolfgang's poster,Black,White,10472,GEC2nn8JwSHd78hS7
Yuka's poster,Yellow,Pink,10683,q9j4d7zAyk9Ttuuof
Zell's poster,Beige,Blue,10389,GuP3qy2DdzFTTEfGA
Zipper's poster,Yellow,Pink,10522,vcwdyjBMkEpp4S5HR
Zucker's poster,Beige,Blue,10569,8u8XbGvQuj8HbbEyy
