Name,Source,Version,Catalog,Internal ID,Unique Entry ID
Agent K.K.,"K.K. concert, Nook Shopping Catalog",1.0.0,For sale,2472,omxkkikQ5jwtoGiXa
Aloha K.K.,"K.K. concert, Nook Shopping Catalog",1.0.0,For sale,2423,rxKK6nfmC4rWvXxCv
Animal City,K.K. concert,1.0.0,Not for sale,4312,PTLK2jL5rb7t5Rm5j
Bubblegum K.K.,"K.K. concert, Nook Shopping Catalog",1.0.0,For sale,2492,ZgwCoTem6x9efZAnD
Café K.K.,"K.K. concert, Nook Shopping Catalog",1.0.0,For sale,2454,ZXwXi8YnFpks2RPuK
Comrade K.K.,"K.K. concert, Nook Shopping Catalog",1.0.0,For sale,2448,5ufeoTSFwRxQTrXdq
DJ K.K.,"K.K. concert, Nook Shopping Catalog",1.0.0,For sale,2443,6H8pzhuYdfNpD8KTd
Drivin',K.K. concert,1.0.0,Not for sale,4314,at7FbmJfbKvsGHB5T
Farewell,K.K. concert,1.0.0,Not for sale,4313,diprrz97SbCJGzXM3
Forest Life,"K.K. concert, Nook Shopping Catalog",1.0.0,For sale,2461,ZM4S88gPPapGknNeR
Go K.K. Rider,"K.K. concert, Nook Shopping Catalog",1.0.0,For sale,2450,w6jLsBX6ZX4oPDwDh
Hypno K.K.,"K.K. concert, Nook Shopping Catalog",1.0.0,For sale,2480,qwHrcscJZNxD5mn8k
I Love You,"K.K. concert, Nook Shopping Catalog",1.0.0,For sale,2458,cic3w9hqeY222ni2z
Imperial K.K.,"K.K. concert, Nook Shopping Catalog",1.0.0,For sale,2427,6y3ftdfGBa3oYAfrA
K.K. Adventure,"K.K. concert, Nook Shopping Catalog",1.0.0,For sale,2484,6FWZByesWNcjXBPQX
K.K. Aria,"K.K. concert, Nook Shopping Catalog",1.0.0,For sale,2413,9ZSqWa7JjfMhwPWEE
K.K. Ballad,"K.K. concert, Nook Shopping Catalog",1.0.0,For sale,2447,awbEqrBQ52aCi4YKj
K.K. Bazaar,"K.K. concert, Nook Shopping Catalog",1.0.0,For sale,2486,yJdhdZPjGQSs4xL7a
K.K. Birthday,K.K. concert,1.0.0,Not for sale,2495,xrFkTdiZ9fHkYMvDr
K.K. Blues,"K.K. concert, Nook Shopping Catalog",1.0.0,For sale,2436,HtTcKk7AdJLrmwXXK
K.K. Bossa,"K.K. concert, Nook Shopping Catalog",1.0.0,For sale,2415,Bu3tGw6JnhnMEabz2
K.K. Calypso,"K.K. concert, Nook Shopping Catalog",1.0.0,For sale,2416,g7TbqwnzRw64kcmso
K.K. Casbah,"K.K. concert, Nook Shopping Catalog",1.0.0,For sale,2428,CuWyihNkLbL5rwbYZ
K.K. Chorale,"K.K. concert, Nook Shopping Catalog",1.0.0,For sale,2405,rijxxXt45dqkXze5A
K.K. Condor,"K.K. concert, Nook Shopping Catalog",1.0.0,For sale,2425,EoALBg9oEc9NmJpaf
K.K. Country,"K.K. concert, Nook Shopping Catalog",1.0.0,For sale,2445,rN2cyPLzaZaMGmrwj
K.K. Cruisin',"K.K. concert, Nook Shopping Catalog",1.0.0,For sale,2439,hPBjqhB66YBw6Tz4n
K.K. D&B,"K.K. concert, Nook Shopping Catalog",1.0.0,For sale,2441,rkBHJtfrcabbt57bD
K.K. Dirge,"K.K. concert, Nook Shopping Catalog",1.0.0,For sale,2451,2DDYNvo8uNo5zNPo8
K.K. Disco,"K.K. concert, Nook Shopping Catalog",1.0.0,For sale,2494,tAZn6EXuFip47sbbo
K.K. Dixie,"K.K. concert, Nook Shopping Catalog",1.0.0,For sale,2464,bCL6Df8hoG7kooXcL
K.K. Étude,"K.K. concert, Nook Shopping Catalog",1.0.0,For sale,2411,PgDmhWq5W4ciF6TW5
K.K. Faire,"K.K. concert, Nook Shopping Catalog",1.0.0,For sale,2422,3i2RNpZeHPhxq6bPY
K.K. Flamenco,"K.K. concert, Nook Shopping Catalog",1.0.0,For sale,2490,KXRPPacevShYgCh33
K.K. Folk,"K.K. concert, Nook Shopping Catalog",1.0.0,For sale,2430,L9SqkeaoQNXGphs6H
K.K. Fusion,"K.K. concert, Nook Shopping Catalog",1.0.0,For sale,2410,Lx9Kk9gmmori3huxC
K.K. Groove,"K.K. concert, Nook Shopping Catalog",1.0.0,For sale,2488,7ss8K3czErhJNQiXJ
K.K. Gumbo,"K.K. concert, Nook Shopping Catalog",1.0.0,For sale,2434,nPNjtqN3AJdfxLuAx
K.K. House,"K.K. concert, Nook Shopping Catalog",1.0.0,For sale,2478,DoMmMBQBeXm7sTGPm
K.K. Island,"K.K. concert, Nook Shopping Catalog",1.0.0,For sale,2482,LrdjwBdn7hS2NXeW2
K.K. Jazz,"K.K. concert, Nook Shopping Catalog",1.0.0,For sale,2409,eRNA3ktNpPi8qB5Yx
K.K. Jongara,"K.K. concert, Nook Shopping Catalog",1.0.0,For sale,2489,2tqAXsz3eiAFcZ5aS
K.K. Lament,"K.K. concert, Nook Shopping Catalog",1.0.0,For sale,2449,LLDo3zTdcLf3JRexf
K.K. Love Song,"K.K. concert, Nook Shopping Catalog",1.0.0,For sale,2440,Zi4kijYWbE3taJy67
K.K. Lullaby,"K.K. concert, Nook Shopping Catalog",1.0.0,For sale,2412,WpCHmL6DBXK7RWQNJ
K.K. Mambo,"K.K. concert, Nook Shopping Catalog",1.0.0,For sale,2418,LftoxEHoft5xpn8ZK
K.K. Marathon,"K.K. concert, Nook Shopping Catalog",1.0.0,For sale,2465,EAeRF5hCvgZvpf24R
K.K. March,"K.K. concert, Nook Shopping Catalog",1.0.0,For sale,2406,ZYeSh5EHDgX9bEY4L
K.K. Mariachi,"K.K. concert, Nook Shopping Catalog",1.0.0,For sale,2456,yK4cu9gRJDzAchPip
K.K. Metal,"K.K. concert, Nook Shopping Catalog",1.0.0,For sale,2474,TNdpcZiy6ZXb2sie3
K.K. Milonga,"K.K. concert, Nook Shopping Catalog",1.0.0,For sale,2487,bphgD53QrTdSQWrsw
K.K. Moody,"K.K. concert, Nook Shopping Catalog",1.0.0,For sale,2491,D3WoTWs7t3uojthok
K.K. Oasis,"K.K. concert, Nook Shopping Catalog",1.0.0,For sale,2485,X45bf37FawXymbRTR
K.K. Parade,"K.K. concert, Nook Shopping Catalog",1.0.0,For sale,2455,vaxtch9tWPZTeJKBf
K.K. Ragtime,"K.K. concert, Nook Shopping Catalog",1.0.0,For sale,2433,Rz7khNvFcekonfDC8
K.K. Rally,"K.K. concert, Nook Shopping Catalog",1.0.0,For sale,2473,qPCRJqX3uM66bDrDb
K.K. Reggae,"K.K. concert, Nook Shopping Catalog",1.0.0,For sale,2419,BeXTGzse56iMWrovn
K.K. Rock,"K.K. concert, Nook Shopping Catalog",1.0.0,For sale,2431,dGWQ49YGhQ6uxxdth
K.K. Rockabilly,"K.K. concert, Nook Shopping Catalog",1.0.0,For sale,2471,DogQSJB5472T5PTgX
K.K. Safari,"K.K. concert, Nook Shopping Catalog",1.0.0,For sale,2429,YxQuKist5jbDN6YeX
K.K. Salsa,"K.K. concert, Nook Shopping Catalog",1.0.0,For sale,2417,hMAkxLymhpg5Zt6Xm
K.K. Samba,"K.K. concert, Nook Shopping Catalog",1.0.0,For sale,2414,XYFSnTG8QFbGXZJ79
K.K. Ska,"K.K. concert, Nook Shopping Catalog",1.0.0,For sale,2420,TMiRa4nHYSbtCx4Em
K.K. Sonata,"K.K. concert, Nook Shopping Catalog",1.0.0,For sale,2479,zxHYzEN2Q7gt5JYMm
K.K. Song,"K.K. concert, Nook Shopping Catalog",1.0.0,For sale,2457,xjLPmvzuXaBSZx4Fy
K.K. Soul,"K.K. concert, Nook Shopping Catalog",1.0.0,For sale,2438,mXvujh5YZscWL5pKg
K.K. Steppe,"K.K. concert, Nook Shopping Catalog",1.0.0,For sale,2426,mGhDWyj7f83gryu4g
K.K. Stroll,"K.K. concert, Nook Shopping Catalog",1.0.0,For sale,2481,QmR5zsjrqjsYdDcYy
K.K. Swing,"K.K. concert, Nook Shopping Catalog",1.0.0,For sale,2408,BxCLYKFj8yeJMqxwD
K.K. Synth,"K.K. concert, Nook Shopping Catalog",1.0.0,For sale,2493,S7sa9ugfRSHNPr9zX
K.K. Tango,"K.K. concert, Nook Shopping Catalog",1.0.0,For sale,2421,9gwFYo6HKxqfxnimX
K.K. Technopop,"K.K. concert, Nook Shopping Catalog",1.0.0,For sale,2442,opZrX852viqZH7RJX
K.K. Waltz,"K.K. concert, Nook Shopping Catalog",1.0.0,For sale,2407,pYKWYuRTejcTphjzd
K.K. Western,"K.K. concert, Nook Shopping Catalog",1.0.0,For sale,2452,AnjsMygxJozFjZCGC
King K.K.,"K.K. concert, Nook Shopping Catalog",1.0.0,For sale,2466,B6siK6dLxCJACfGZY
Lucky K.K.,"K.K. concert, Nook Shopping Catalog",1.0.0,For sale,2424,jCGA9eAgRjkLuNf2q
Marine Song 2001,"K.K. concert, Nook Shopping Catalog",1.0.0,For sale,2468,F8BvgZMycRgAjJv2A
Mountain Song,"K.K. concert, Nook Shopping Catalog",1.0.0,For sale,2467,5gDvnQ4uLnLwL85MK
Mr. K.K.,"K.K. concert, Nook Shopping Catalog",1.0.0,For sale,2453,tGCobmkpe7AKsPmyn
My Place,"K.K. concert, Nook Shopping Catalog",1.0.0,For sale,2460,gQvdSw38P4QZwpkCh
Neapolitan,"K.K. concert, Nook Shopping Catalog",1.0.0,For sale,2469,GDhwzHPsaEws6ciix
Only Me,"K.K. concert, Nook Shopping Catalog",1.0.0,For sale,2444,wwhnr7dEdx36E8SRv
Pondering,"K.K. concert, Nook Shopping Catalog",1.0.0,For sale,2463,Gkk2Ck8DK627tiZkS
Rockin' K.K.,"K.K. concert, Nook Shopping Catalog",1.0.0,For sale,2432,asXTn3mfi7tzowcuj
Soulful K.K.,"K.K. concert, Nook Shopping Catalog",1.0.0,For sale,2437,g2F79ptmGzFrrFf55
Space K.K.,"K.K. concert, Nook Shopping Catalog",1.0.0,For sale,2483,WbnqF3FqDQYJwfXed
Spring Blossoms,"K.K. concert, Nook Shopping Catalog",1.0.0,For sale,2476,q4ZmbxwwgjaNzvR4e
Stale Cupcakes,"K.K. concert, Nook Shopping Catalog",1.0.0,For sale,2475,wh9i62k97gw3B34ER
Steep Hill,"K.K. concert, Nook Shopping Catalog",1.0.0,For sale,2470,v3WHjrpgdgeZ3jaFC
Surfin' K.K.,"K.K. concert, Nook Shopping Catalog",1.0.0,For sale,2446,HEX474yLBRZ5xY5Pv
The K. Funk,"K.K. concert, Nook Shopping Catalog",1.0.0,For sale,2435,8ciaF2Yxuhc5Jqpar
To the Edge,"K.K. concert, Nook Shopping Catalog",1.0.0,For sale,2462,P5ABGwMHvnYiFHcQN
Two Days Ago,"K.K. concert, Nook Shopping Catalog",1.0.0,For sale,2459,AzAHbHLA9oY2ihxrq
Wandering,"K.K. concert, Nook Shopping Catalog",1.0.0,For sale,2477,eDgjD4iS8sHZ64k3k
Welcome Horizons,K.K. concert,1.0.0,Not for sale,4318,eBR8TwgdbAKWEQc3T
Hazure01,K.K. concert,1.0.0,Not in catalog,4315,yzpTLMjxFrMMyPe9t
Hazure02,K.K. concert,1.0.0,Not in catalog,4316,oeZ6a9qJA54fyuwA3
Hazure03,K.K. concert,1.0.0,Not in catalog,4317,cXrvAEgQstHcnP5Zf
