Name,Species,Gender,Personality,Hobby,Birthday,Poster,AchievementID,Catchphrase,Furniture List,Unique Entry ID
Admiral,Bird,Male,Cranky,Nature,27-Jan,Admiral's poster,-1,aye aye,6889;3950;11582;null;11296;null;7182;5315,B3RyfNEqwGmcccRC3
Agent S,Squirrel,Female,Peppy,Fitness,02-Jul,Agent S's poster,15,sidekick,10696;null;9983;8473;null;8795;7165;10845,SGMdki6dzpDZyXAw5
Agnes,Pig,Female,Big Sister,Play,21-Apr,Agnes's poster,-1,snuffle,null;2740;5203;null;11909;8802;12135;5106,jzWCiDPm9MqtCfecP
Al,Gorilla,Male,Lazy,Fitness,18-Oct,Al's poster,-1,ayyyeee,10714;1816;5196;null;8785;8743;12136;null,LBifxETQJGEaLhBjC
Alfonso,Alligator,Male,Lazy,Play,09-Jun,Alfonso's poster,-1,it'sa me,10098;3966;9992;8579;null;null;9959;10944,REpd8KxB8p9aGBRSE
Alice,Koala,Female,Normal,Education,19-Aug,Alice's poster,25,guvnor,null;3955;null;8178;4255;4602;7175;11523,wkPJDHMMMTK24eqzC
Alli,Alligator,Female,Snooty,Fashion,08-Nov,Alli's poster,-1,graaagh,9885;null;9800;2099;12060;null;7166;10235,dcB3BpFLtcXHAbt5i
Amelia,Eagle,Female,Snooty,Music,19-Nov,Amelia's poster,-1,cuz,11237;null;9811;null;5735;11308;7176;11732,gWpcHhfpuN4MSTdhF
Anabelle,Anteater,Female,Peppy,Fashion,16-Feb,Anabelle's poster,-1,snorty,10101;null;9681;8579;9539;9841;null;5106,gvdKbp6t9xMtx5swT
Anchovy,Bird,Male,Lazy,Play,04-Mar,Anchovy's poster,-1,chuurp,10155;null;10170;null;5459;11329;7170;10220,T9ya79MPxRxcR4tae
Angus,Bull,Male,Cranky,Fitness,30-Apr,Angus's poster,-1,macmoo,10104;null;5170;null;4176;11375;6911;11839,jHQfWetzGf6Zhgt4u
Anicotti,Mouse,Female,Peppy,Fashion,24-Feb,Anicotti's poster,59,cannoli,11549;1852;11757;null;4514;9709;12137;null,oGr6N9vC3TD9raXbf
Ankha,Cat,Female,Snooty,Nature,22-Sep,Ankha's poster,-1,me meow,null;383;5181;2822;11374;null;6910;11862,AWdRRws22EGTxC7vc
Annalisa,Anteater,Female,Normal,Nature,06-Feb,Annalisa's poster,42,gumdrop,5807;1816;9970;8576;10190;null;null;10232,XTwyzscZPAA8LRdYN
Annalise,Horse,Female,Snooty,Fashion,02-Dec,Annalise's poster,91,nipper,6922;8298;null;null;11378;11441;9948;11890,88YKJKvjin32GeG4H
Antonio,Anteater,Male,Jock,Fitness,20-Oct,Antonio's poster,-1,honk,10162;12374;9801;null;4514;11351;6906;null,RQNii4nDE2AWswpgE
Apollo,Eagle,Male,Cranky,Music,04-Jul,Apollo's poster,10,pah,11235;null;6044;8535;10186;11337;9955;null,25sZq7NjGGADiEXtR
Apple,Hamster,Female,Peppy,Play,24-Sep,Apple's poster,17,cheekers,10113;null;11585;8580;8922;null;6905;10884,bEHwPJ3GBDZaNE4Bd
Astrid,Kangaroo,Female,Snooty,Music,08-Sep,Astrid's poster,19,my pet,11251;3956;9688;8535;5704;4602;null;null,qrki2afmbkBQ6DbmZ
Audie,Wolf,Female,Peppy,Fitness,31-Aug,Audie's poster,-1,foxtrot,null;4081;10029;null;11440;5735;6916;11733,2tufzN7iwjncqLu7Y
Aurora,Penguin,Female,Normal,Education,27-Jan,Aurora's poster,51,b-b-baby,10121;1853;null;5784;8723;11660;null;10749,CXt3MBoeCZXXSRS7B
Ava,Chicken,Female,Normal,Music,28-Apr,Ava's poster,71,beaker,5630;null;11580;null;8747;11354;9960;11843,93emjZzaaLb7BdkSn
Avery,Eagle,Male,Cranky,Music,22-Feb,Avery's poster,-1,skree-haw,10272;896;9926;12578;8728;null;6919;null,SKF5NqPPqzjL7dEng
Axel,Elephant,Male,Jock,Fitness,23-Mar,Axel's poster,43,WHONK,null;3553;10014;2099;11337;null;6912;11534,K3aj3w7fLcMETyuzf
Baabara,Sheep,Female,Snooty,Fashion,28-Mar,Baabara's poster,83,daahling,5619;7238;null;8471;11331;4274;null;11535,LAWZdKWcejrkbikco
Bam,Deer,Male,Jock,Play,07-Nov,Bam's poster,-1,kablang,10253;1853;null;null;9113;11149;9946;11847,2yvPukPn4ZSamngmb
Bangle,Tiger,Female,Peppy,Fashion,27-Aug,Bangle's poster,18,growf,null;null;9645;8472;11348;8746;12133;11521,DvL5iP2kNCNfwc6Mv
Barold,Cub,Male,Lazy,Play,02-Mar,Barold's poster,-1,cubby,10132;1816;null;8471;9709;null;6907;10925,6qZJQFWqeCHzPNyEZ
Bea,Dog,Female,Normal,Nature,15-Oct,Bea's poster,86,bingo,11988;null;null;5784;9185;8793;8768;11751,DkqHjENW8fRBE9uxG
Beardo,Bear,Male,Smug,Education,27-Sep,Beardo's poster,-1,whiskers,null;4081;null;8178;12070;8799;6914;10888,3XoqTm3LW4C4BvLBt
Beau,Deer,Male,Lazy,Nature,05-Apr,Beau's poster,19,saltlick,4733;7264;null;5784;9275;null;9960;11674,zbkkW8wWbmyGAZauv
Becky,Chicken,Female,Snooty,Music,09-Dec,Becky's poster,15,chicklet,10169;1852;5629;5784;null;9277;5861;null,D7Atj8BuHK6mgwwvZ
Bella,Mouse,Female,Peppy,Music,28-Dec,Bella's poster,-1,eeks,null;664;9937;7592;null;11433;9955;11897,hu4qewj6YKKmzMpYL
Benedict,Chicken,Male,Lazy,Play,10-Oct,Benedict's poster,37,uh-hoo,10102;8298;null;null;3351;9111;6926;11808,BjcoELiTM3m8StExF
Benjamin,Dog,Male,Lazy,Nature,03-Aug,Benjamin's poster,69,alrighty,null;1330;11593;5784;10212;null;9951;11844,wgb64Mp6XbFS2CPwj
Bertha,Hippo,Female,Normal,Education,25-Apr,Bertha's poster,-1,bloop,10121;1816;9912;null;4187;null;7171;5110,oMQnY9fuzdtPweuLi
Bettina,Mouse,Female,Normal,Education,12-Jun,Bettina's poster,50,eekers,null;12207;9966;5741;5703;9114;5861;null,r9JpujcMdgTRABad9
Bianca,Tiger,Female,Peppy,Play,13-Dec,Bianca's poster,-1,glimmer,10087;3305;null;null;5923;8802;7167;10946,KGECko2WSNbQp4oRY
Biff,Hippo,Male,Jock,Fitness,29-Mar,Biff's poster,61,squirt,null;1816;9688;8580;9712;null;12136;6041,sT2KXbN2N3dqB6aaN
Big Top,Elephant,Male,Lazy,Play,03-Oct,Big Top's poster,92,villain,10968;333;11594;null;9014;null;9950;10945,o2NPbZGfMvTD7Se5i
Bill,Duck,Male,Jock,Play,01-Feb,Bill's poster,10,quacko,10049;3956;null;null;8747;9274;9561;5323,hcnPuswvHJykZw7BX
Billy,Goat,Male,Jock,Play,25-Mar,Billy's poster,-1,dagnaabit,5475;null;10026;null;12059;11352;6907;12165,dqEHTSBSx5iLhGiSC
Biskit,Dog,Male,Lazy,Play,13-May,Biskit's poster,-1,dawg,null;2012;10015;8177;null;3353;7167;5691,nfeef6XSSstGwrbWo
Bitty,Hippo,Female,Snooty,Education,06-Oct,Bitty's poster,-1,my dear,null;3959;9922;8176;11309;11650;null;5627,JGyY83aN4ocBGZs8s
Blaire,Squirrel,Female,Snooty,Fashion,03-Jul,Blaire's poster,25,nutlet,10100;null;null;2822;11295;9097;9953;5316,SjArzqyvbHAbgRz8D
Blanche,Ostrich,Female,Snooty,Nature,21-Dec,Blanche's poster,92,quite so,null;null;9786;2822;9712;9263;7171;11902,2B4NDzz69JKjjqF9o
Bluebear,Cub,Female,Peppy,Fashion,24-Jun,Bluebear's poster,-1,peach,null;null;9989;8580;9540;11322;8768;10948,ytYM52sRa4vhWW9cF
Bob,Cat,Male,Lazy,Play,01-Jan,Bob's poster,76,pthhpth,11452;8298;null;8575;null;5736;7169;11836,KijzbrvT4obqCnBTw
Bonbon,Rabbit,Female,Peppy,Play,03-Mar,Bonbon's poster,64,deelish,11477;null;9691;8579;11655;11438;6924;null,yEQijXt6x8kQxdTrD
Bones,Dog,Male,Lazy,Play,04-Aug,Bones's poster,54,yip yip,11547;10743;9784;null;null;11444;6923;5322,Y3F5fcfjvypECTqSm
Boomer,Penguin,Male,Lazy,Fitness,07-Feb,Boomer's poster,32,human,10114;3593;9918;null;11263;8915;12134;null,jqR8knKhx3kGYTSSd
Boone,Gorilla,Male,Jock,Fitness,12-Sep,Boone's poster,-1,baboom,null;null;9904;2377;4175;11395;6909;11048,ZgTh9dkb3k36EPZ4o
Boots,Alligator,Male,Jock,Play,07-Aug,Boots's poster,-1,munchie,3704;1430;null;8577;11265;9094;7177;null,xEt4yY9KCa4KoERfM
Boris,Pig,Male,Cranky,Nature,06-Nov,Boris's poster,48,schnort,6860;8226;9788;2822;4296;8721;null;null,KRpDTZHnRjL2jn4H6
Boyd,Gorilla,Male,Cranky,Fitness,01-Oct,Boyd's poster,-1,uh-oh,null;7867;4746;8471;null;9712;9947;9860,qmod2zJ2CrQtqzrxw
Bree,Mouse,Female,Snooty,Fashion,07-Jul,Bree's poster,-1,cheeseball,11683;null;9917;null;4187;10187;7180;12057,6khpEinhKwWjzZh9S
Broccolo,Mouse,Male,Lazy,Play,30-Jun,Broccolo's poster,-1,eat it,11456;330;9975;null;8789;9014;null;7209,yH5PZX3bdHRRxhCCX
Broffina,Chicken,Female,Snooty,Music,24-Oct,Broffina's poster,46,cluckadoo,5624;3952;12179;5784;9194;null;6915;null,XSjgXrChHy9Trd5Pa
Bruce,Deer,Male,Cranky,Nature,26-May,Bruce's poster,50,gruff,6867;3556;9806;null;11397;11264;null;11734,dzo5NgALeJ73j3sNd
Bubbles,Hippo,Female,Peppy,Fashion,18-Sep,Bubbles's poster,64,hipster,null;8298;null;8178;11385;9710;9945;10236,K4k5ieRWQieA6Fqm8
Buck,Horse,Male,Jock,Fitness,04-Apr,Buck's poster,36,pardner,10063;null;null;2377;3353;8921;6912;11508,Xi74RYjLgeBB8vopx
Bud,Lion,Male,Jock,Fitness,08-Aug,Bud's poster,53,shredded,11775;3556;null;null;8734;11658;9958;10948,WhJYGJgSfLF4ySXhh
Bunnie,Rabbit,Female,Peppy,Fashion,09-May,Bunnie's poster,-1,tee-hee,10734;12437;6045;5430;null;null;7182;6036,XNBZBNmNXxC5bxz4t
Butch,Dog,Male,Cranky,Music,01-Nov,Butch's poster,-1,ROOOOOWF,10125;4081;9919;null;null;11328;6913;5435,NPbD69TfvJAorLZ9a
Buzz,Eagle,Male,Cranky,Nature,07-Dec,Buzz's poster,-1,captain,11798;7150;9923;8471;8802;9264;null;null,LWLRkHDisDgGdJ5ju
Cally,Squirrel,Female,Normal,Nature,04-Sep,Cally's poster,59,WHEE,10154;1852;null;8534;11657;2403;7173;null,DvkaYEh9vM2SXJLCc
Camofrog,Frog,Male,Cranky,Music,05-Jun,Camofrog's poster,6,ten-hut,null;2012;11584;7589;8734;11663;null;11697,5akmmJeoXXhcpdf8e
Canberra,Koala,Female,Big Sister,Play,14-May,Canberra's poster,-1,nuh uh,5640;4134;9064;8579;11652;9727;null;null,ugiHobiK9QnmA22ym
Candi,Mouse,Female,Peppy,Play,13-Apr,Candi's poster,-1,sweetie,null;null;9790;2753;11652;11788;12136;11507,4CimNs6T9nDNQuiYH
Carmen,Rabbit,Female,Peppy,Fashion,06-Jan,Carmen's poster,-1,nougat,null;3580;9939;null;3308;4430;6908;9861,pAFu4JyZ333Ysoezk
Caroline,Squirrel,Female,Normal,Music,15-Jul,Caroline's poster,-1,hulaaaa,10096;8298;11585;8575;9270;null;12138;null,Th3uHvMcYaf9eT2Df
Carrie,Kangaroo,Female,Normal,Nature,05-Dec,Carrie's poster,84,little one,10064;6831;8935;8176;11347;null;null;5109,igeZhX3Fqa8LdKEra
Cashmere,Sheep,Female,Snooty,Fashion,02-Apr,Cashmere's poster,-1,baaaby,null;3553;9058;8473;3405;null;6908;11895,dnRDXd86NcXDNHyf4
Celia,Eagle,Female,Normal,Nature,25-Mar,Celia's poster,63,feathers,null;1816;9684;2615;9185;null;6914;11046,L8cCZBvY4JW4KsDGy
Cesar,Gorilla,Male,Cranky,Fitness,06-Sep,Cesar's poster,-1,highness,null;1853;9930;8577;null;3342;12134;11697,pDKMq8PfxWLXWrsvT
Chadder,Mouse,Male,Smug,Fitness,15-Dec,Chadder's poster,54,fromage,null;10742;8933;8176;11313;9195;null;5642,4BLXuRhdjJ9TzvRyA
Charlise,Bear,Female,Big Sister,Fitness,17-Apr,Charlise's poster,83,urgh,11236;8298;null;8535;11374;8722;6914;null,QqCXo64EBwXSrukSr
Cheri,Cub,Female,Peppy,Fashion,17-Mar,Cheri's poster,82,tralala,10985;863;null;8580;11374;null;12137;6035,MpumYkzF382cPoRt5
Cherry,Dog,Female,Big Sister,Music,11-May,Cherry's poster,68,what what,11989;3966;null;9617;null;12062;6924;12445,tafi3Cfsf4wbwC9LW
Chester,Cub,Male,Lazy,Play,06-Aug,Chester's poster,83,rookie,10101;7867;9059;8577;null;4187;12133;null,46bDn76rBA3hNjFZu
Chevre,Goat,Female,Normal,Education,06-Mar,Chevre's poster,-1,la baa,10133;1816;9943;5085;null;null;12137;11837,XutRmNyAP4NogwPaR
Chief,Wolf,Male,Cranky,Music,19-Dec,Chief's poster,-1,harrumph,3704;null;11756;8580;null;11265;6905;11669,d3STnZCPAxLzrEzMd
Chops,Pig,Male,Smug,Education,13-Oct,Chops's poster,-1,zoink,10042;1853;8931;null;11654;9114;null;10959,8t9Bc5vqJ2vbtcjf5
Chow,Bear,Male,Cranky,Fitness,22-Jul,Chow's poster,24,aiya,11240;3551;9055;2822;5703;9703;null;null,M3LhuYKZCmR5K9ckA
Chrissy,Rabbit,Female,Peppy,Fashion,28-Aug,Chrissy's poster,-1,sparkles,5639;3556;null;null;11298;11376;9946;11533,pYMsB8AHagkRht8RX
Claude,Rabbit,Male,Lazy,Nature,03-Dec,Claude's poster,40,hopalong,null;null;9797;8575;8789;11149;8767;11625,PPFtt3uWkRQNMg2tZ
Claudia,Tiger,Female,Snooty,Music,22-Nov,Claudia's poster,81,ooh la la,10265;333;5179;8177;null;8756;12137;null,xCyuFvwryTntgPgvW
Clay,Hamster,Male,Lazy,Nature,19-Oct,Clay's poster,-1,thump,11560;3951;null;7591;5665;11326;9955;null,K9s2bvx54sfHw8mZ8
Cleo,Horse,Female,Snooty,Education,09-Feb,Cleo's poster,-1,sugar,11466;null;null;7588;8723;9093;7176;10842,XwxskQMt5rJT8EnH5
Clyde,Horse,Male,Lazy,Play,01-May,Clyde's poster,-1,clip clawp,10720;null;9796;5741;null;8731;6918;10844,2iBqzRfTRaddw2EXi
Coach,Bull,Male,Jock,Fitness,29-Apr,Coach's poster,86,stubble,5622;null;10024;8535;9274;11350;null;9873,mYwCLsd8MxLwWALjQ
Cobb,Pig,Male,Jock,Education,07-Oct,Cobb's poster,-1,hot dog,10712;3951;null;8578;9120;null;7166;5192,mTNPvAaoYMmPndYnm
Coco,Rabbit,Female,Normal,Education,01-Mar,Coco's poster,-1,doyoing,11253;null;9067;8177;4296;11437;null;6035,2g7sGcTtHcJeWtwNM
Cole,Rabbit,Male,Lazy,Nature,10-Aug,Cole's poster,-1,coooooool,10097;1816;9661;8534;5286;null;null;5409,YaWjP3XtbFqn8YPNd
Colton,Horse,Male,Smug,Nature,22-May,Colton's poster,-1,check it,10977;null;8934;null;11659;11296;9960;5189,GgsrLhmh3FL4ZiAPB
Cookie,Dog,Female,Peppy,Fashion,18-Jun,Cookie's poster,-1,arfer,10154;3593;9796;8577;9710;11330;null;null,YvNrsTEJsqkpdRNqL
Cousteau,Frog,Male,Jock,Fitness,17-Dec,Cousteau's poster,87,oui oui,null;null;9918;8534;11653;8738;6924;5109,XPhZym7Wxu926eLD8
Cranston,Ostrich,Male,Lazy,Nature,23-Sep,Cranston's poster,84,sweatband,6884;8298;12175;null;null;10213;12135;11749,Wbivs7b7D3NZ7q9y9
Croque,Frog,Male,Cranky,Nature,18-Jul,Croque's poster,-1,as if,11678;664;9970;8472;null;11395;6911;null,SqHZjtuNfu7DAXYDE
Cube,Penguin,Male,Lazy,Play,29-Jan,Cube's poster,-1,brainfreeze,10045;3305;9982;5085;11663;null;null;10922,YskkqbSnYwCh63Sru
Curlos,Sheep,Male,Smug,Nature,08-May,Curlos's poster,18,shearly,12460;3557;11583;8178;8790;11265;null;null,B6tM7dBSpcaMrAGrF
Curly,Pig,Male,Jock,Fitness,26-Jul,Curly's poster,3,nyoink,5470;null;9676;8473;null;9196;9956;11856,kRGwwKyoSLKh9g2Tk
Curt,Bear,Male,Cranky,Nature,01-Jul,Curt's poster,10,fuzzball,null;7867;9794;2379;4178;null;8768;6052,w7y7v3w49B7KkDXbg
Cyd,Elephant,Male,Cranky,Music,09-Jun,Cyd's poster,-1,rockin',null;null;9677;8176;4548;5810;9948;11702,edCh8EDStBMbyskYa
Cyrano,Anteater,Male,Cranky,Education,09-Mar,Cyrano's poster,-1,ah-CHOO,11467;8298;9912;8536;null;9111;7174;null,JaNDeYdAuiJCYZbAx
Daisy,Dog,Female,Normal,Education,16-Nov,Daisy's poster,-1,bow-WOW,10072;null;null;8580;8785;11405;9956;10744,2u92atfG2uMg2J8sS
Deena,Duck,Female,Normal,Education,27-Jun,Deena's poster,9,woowoo,11680;null;null;8473;11146;5703;6840;5186,dXBazBPxXu9QGrAzM
Deirdre,Deer,Female,Big Sister,Play,04-May,Deirdre's poster,-1,whatevs,11246;1816;null;8579;null;9263;12134;5192,ibnMhhdYMGHYr9RAZ
Del,Alligator,Male,Cranky,Fitness,27-May,Del's poster,-1,gronk,10973;8298;null;7587;null;5854;7178;12054,Eqn3ZXJtMBrEYtm7u
Deli,Monkey,Male,Lazy,Nature,24-May,Deli's poster,-1,monch,10263;1853;9906;8577;null;12063;6912;null,zh7aML2hmMKy5bbiR
Derwin,Duck,Male,Lazy,Play,25-May,Derwin's poster,72,derrrr,10710;7867;9687;2379;9108;null;7175;null,nBcDHyXheHurcisiL
Diana,Deer,Female,Snooty,Education,04-Jan,Diana's poster,5,no doy,10165;null;9978;3068;null;5704;6909;10219,QGyW9QJjjxo3jta6j
Diva,Frog,Female,Big Sister,Fitness,02-Oct,Diva's poster,90,ya know,null;2740;9088;8472;11660;11266;null;11731,FmQ9x68HncTm8vdsG
Dizzy,Elephant,Male,Lazy,Play,14-Jul,Dizzy's poster,-1,woo-oo,10987;1330;null;2544;null;9715;6906;5366,vthzJrsaM6Y7dykA5
Dobie,Wolf,Male,Cranky,Nature,17-Feb,Dobie's poster,-1,ohmmm,10051;3406;9973;null;9097;null;7169;11750,YjMXvmH5eovNYShdE
Doc,Rabbit,Male,Lazy,Education,16-Mar,Doc's poster,83,old bunny,11455;null;null;2379;9707;11655;6915;11870,iasth9JRLdRvLzuQ7
Dom,Sheep,Male,Jock,Play,18-Mar,Dom's poster,73,indeedaroo,11680;null;9656;8178;null;5720;7182;11861,T6YJZ7vj2X52zmDcp
Dora,Mouse,Female,Normal,Education,18-Feb,Dora's poster,81,squeaky,5622;4134;null;2377;4364;null;9560;5118,9Qpj5fqp4E8PvGGFw
Dotty,Rabbit,Female,Peppy,Fashion,14-Mar,Dotty's poster,82,wee one,10964;1853;9940;8473;11655;null;9945;null,CRMJaAokcTnrXsQdp
Drago,Alligator,Male,Lazy,Nature,12-Feb,Drago's poster,-1,burrrn,10164;1229;9581;8575;null;null;7180;11537,qjqzytG4LCEoong4w
Drake,Duck,Male,Lazy,Play,25-Jun,Drake's poster,68,quacko,10266;8298;9806;8536;null;8785;null;11893,CKAsCWnKjfQYG8R7v
Drift,Frog,Male,Jock,Fitness,09-Oct,Drift's poster,-1,dribbit,11570;null;null;8579;11376;9110;9949;11749,gf6jM4si5zSEFjf9w
Ed,Horse,Male,Smug,Nature,16-Sep,Ed's poster,-1,greenhorn,5469;null;9967;8536;11313;5459;7166;null,JmHu7aFcqj9hxKupZ
Egbert,Chicken,Male,Lazy,Play,14-Oct,Egbert's poster,33,doodle-duh,10116;null;9078;8576;null;9193;7181;5691,jRwtNxCCWuznSMCZy
Elise,Monkey,Female,Snooty,Fashion,21-Mar,Elise's poster,-1,puh-lease,10061;1449;null;8579;12067;9195;8768;null,taRZ4jRFMGPkxCZo4
Ellie,Elephant,Female,Normal,Nature,12-May,Ellie's poster,-1,li'l one,10274;3305;null;2099;10185;9093;7177;null,odt2kdswLHE2YMkQd
Elmer,Horse,Male,Lazy,Play,05-Oct,Elmer's poster,-1,tenderfoot,null;3305;null;8472;8800;9119;6925;5104,LcRhQqeH8u7PboJ73
Eloise,Elephant,Female,Snooty,Fashion,08-Dec,Eloise's poster,91,tooooot,null;865;9936;8473;null;11145;6923;10235,6QughAEZFkYZ5vKpw
Elvis,Lion,Male,Cranky,Education,23-Jul,Elvis's poster,49,unh-hunh,null;7160;9686;5784;10186;null;9960;11898,4jYpCpw9nooMZHR8s
Erik,Deer,Male,Lazy,Nature,27-Jul,Erik's poster,-1,chow down,11461;12398;9787;8574;null;9195;12137;null,BJcXu5LtRBo8DdZ2v
Eugene,Koala,Male,Smug,Music,26-Oct,Eugene's poster,-1,yeah buddy,10108;1816;3095;12578;5720;null;12136;null,2XX9mSSzxEhwXMi4f
Eunice,Sheep,Female,Normal,Fashion,03-Apr,Eunice's poster,92,lambchop,null;3658;4718;2822;10213;3311;null;5298,dbAfEFetNQpXajtch
Fang,Wolf,Male,Cranky,Education,18-Dec,Fang's poster,10,cha-chomp,10723;8298;9781;null;8922;null;7179;10223,PFvvq6NGpsRgCwg2z
Fauna,Deer,Female,Normal,Nature,26-Mar,Fauna's poster,-1,dearie,11232;null;10012;2822;4177;11307;7173;null,kB5jGQAqkLnh8LxWy
Felicity,Cat,Female,Peppy,Fashion,30-Mar,Felicity's poster,31,mimimi,11556;null;9067;5085;3311;null;6916;11520,ygF99DNm88JRXvKLi
Filbert,Squirrel,Male,Lazy,Nature,03-Jun,Filbert's poster,44,bucko,11474;4078;null;null;9114;11299;6907;7209,ffo6sBoX9fkMB4bem
Flip,Monkey,Male,Jock,Music,21-Nov,Flip's poster,-1,rerack,11563;1816;9908;null;11906;8729;null;11537,ADkNZkrRxdSrfGFH8
Flo,Penguin,Female,Big Sister,Music,02-Sep,Flo's poster,45,cha,10248;null;9696;null;11430;9539;6919;5946,6cB5T5yZtevY6d2jp
Flora,Ostrich,Female,Peppy,Play,09-Feb,Flora's poster,75,pinky,10105;6831;9778;5784;11350;8727;null;null,eDX52Zi7H7qifrwYm
Flurry,Hamster,Female,Normal,Nature,30-Jan,Flurry's poster,-1,powderpuff,null;1816;11581;null;12063;9704;6919;5192,B4cpBYrewfSK3WN6M
Francine,Rabbit,Female,Snooty,Fashion,22-Jan,Francine's poster,78,karat,5775;1816;9078;7588;9110;null;null;10889,eJZX7wDRYqatmKBKr
Frank,Eagle,Male,Cranky,Education,30-Jul,Frank's poster,43,crushy,10704;4081;null;8471;5421;11405;null;11889,8BgXtjz2mfGBrZwCm
Freckles,Duck,Female,Peppy,Fashion,19-Feb,Freckles's poster,-1,ducky,10262;2740;5195;8534;null;9118;null;11838,AcYKxih6FpRRyZDs4
Freya,Wolf,Female,Snooty,Fashion,14-Dec,Freya's poster,-1,uff da,10972;3305;null;2377;11349;11268;9956;null,qyoMuqvPA4Wqp3Ybn
Friga,Penguin,Female,Snooty,Fashion,16-Oct,Friga's poster,-1,brrrmph,null;3468;9927;8471;9265;8730;null;5326,uk9DGWqzxRT4TEJbm
Frita,Sheep,Female,Big Sister,Music,16-Jul,Frita's poster,44,oh ewe,10045;3305;null;8575;12067;null;7164;9871,79EahCMHHzp3BwH7x
Frobert,Frog,Male,Jock,Fitness,08-Feb,Frobert's poster,-1,fribbit,null;1852;4744;null;9713;8737;6923;9864,YXidGR87Fi7mov7Po
Fuchsia,Deer,Female,Big Sister,Music,19-Sep,Fuchsia's poster,3,precious,10052;8298;9672;null;9277;8739;7170;null,Z98WrodjQxXZAACLA
Gabi,Rabbit,Female,Peppy,Fashion,16-Dec,Gabi's poster,4,honeybun,11561;null;9901;null;9715;3308;7176;5191,WC97mFMgiZixDfcRZ
Gala,Pig,Female,Normal,Education,05-Mar,Gala's poster,-1,snortie,11461;null;null;8580;9264;12070;9949;11901,84NHBxaLCDPy48Xpx
Gaston,Rabbit,Male,Cranky,Education,28-Oct,Gaston's poster,13,mon chou,null;8298;12175;8580;9271;6842;7174;null,5TXosg4PLkG4jZ3AD
Gayle,Alligator,Female,Normal,Nature,17-May,Gayle's poster,-1,snacky,10136;null;9071;8473;9118;null;6840;11847,HY5swi9u3np5LyR8Q
Genji,Rabbit,Male,Jock,Fitness,21-Jan,Genji's poster,43,mochi,11683;null;8944;12695;8915;null;7165;11896,zFPwakzpAr8fmL4FM
Gigi,Frog,Female,Snooty,Fashion,11-Aug,Gigi's poster,80,ribbette,10962;3952;null;null;9704;11145;7174;11904,QX93pNfztrLZvLxdC
Gladys,Ostrich,Female,Normal,Education,15-Jan,Gladys's poster,82,stretch,null;1229;null;8580;11378;5736;9958;11856,ZSLn6jgRc5W4oZA4f
Gloria,Duck,Female,Snooty,Fashion,12-Aug,Gloria's poster,67,quacker,10083;null;9971;8176;8793;4296;8767;null,7iiegnbmMRDeDaC3t
Goldie,Dog,Female,Normal,Nature,27-Dec,Goldie's poster,86,woof,10060;7264;null;12578;8864;11352;null;10746,RdpZtkYzLeivKyx7Z
Gonzo,Koala,Male,Cranky,Nature,13-Oct,Gonzo's poster,56,mate,10052;3966;8938;8660;null;11333;9946;null,SFkpDu8Bxgot4ShcP
Goose,Chicken,Male,Jock,Fitness,04-Oct,Goose's poster,88,buh-kay,null;1816;9676;5092;11306;9710;6911;null,5iSyoeFknLsoYManw
Graham,Hamster,Male,Smug,Education,20-Jun,Graham's poster,-1,indeed,null;8298;null;5084;8789;8739;6908;8614,D86CPtiT7ssiFexPE
Greta,Mouse,Female,Snooty,Education,05-Sep,Greta's poster,19,yelp,10707;1449;null;2544;null;8721;7169;11699,jKZuhKCACcaqpDCNQ
Grizzly,Bear,Male,Cranky,Education,31-Jul,Grizzly's poster,54,grrr,5476;4081;null;8177;null;11354;8768;11847,ePDrk4wsbfZAu4rA3
Groucho,Bear,Male,Cranky,Music,23-Oct,Groucho's poster,-1,grumble,10041;1816;null;null;11347;9115;9561;11904,QC3CiJqhhcm9WpAho
Gruff,Goat,Male,Cranky,Music,29-Aug,Gruff's poster,-1,bleh eh eh,11685;1816;9966;5085;null;null;7180;11707,oTGj76upYyWRcG34C
Gwen,Penguin,Female,Snooty,Fashion,23-Jan,Gwen's poster,15,h-h-h-hon,10057;664;8929;8471;null;9842;null;10235,jFBkwJJrXK4mJ2giR
Hamlet,Hamster,Male,Jock,Play,30-May,Hamlet's poster,-1,hammie,null;null;10000;8535;9728;4150;7177;11753,LA2HHrtZ6beHgmKpL
Hamphrey,Hamster,Male,Cranky,Nature,25-Feb,Hamphrey's poster,71,snort,11473;null;9669;null;11661;11146;6916;5950,bp3ns8FmZnYBL7CqD
Hans,Gorilla,Male,Smug,Fitness,05-Dec,Hans's poster,-1,groovy,10073;1449;9923;8473;9098;10190;null;null,rAgKSRJPoazkBPS5d
Harry,Hippo,Male,Cranky,Education,07-Jan,Harry's poster,-1,beach bum,11249;333;10013;8576;12062;null;null;6921,dtAkeJzvhPfGXH7pk
Hazel,Squirrel,Female,Big Sister,Play,30-Aug,Hazel's poster,85,uni-wow,null;3956;9063;5784;11303;3405;null;11673,PfTkvEmpjE2HR3SeD
Henry,Frog,Male,Smug,Music,21-Sep,Henry's poster,-1,snoozit,11549;383;9067;8580;11355;null;null;11699,RNats2ap2rGvbdcKn
Hippeux,Hippo,Male,Smug,Education,15-Oct,Hippeux's poster,64,natch,5622;1816;9909;2099;null;null;8767;11699,WjAPWpCx6bTjKiZjw
Hopkins,Rabbit,Male,Lazy,Nature,11-Mar,Hopkins's poster,-1,thumper,10698;null;11759;2822;null;10185;12135;11895,EeTwHAQeWyShyg7pm
Hopper,Penguin,Male,Cranky,Music,06-Apr,Hopper's poster,6,slushie,9847;3305;null;12695;null;11337;12137;10847,FP3bdBM2RSjWTXYHK
Hornsby,Rhino,Male,Lazy,Nature,20-Mar,Hornsby's poster,-1,schnozzle,10135;1816;9996;null;9114;9704;6908;null,KuDi35nStc6mtd3F8
Huck,Frog,Male,Smug,Fitness,09-Jul,Huck's poster,-1,hopper,10985;5959;9990;2099;8922;11311;null;null,KWx6zRZpPoaQy2PMD
Hugh,Pig,Male,Lazy,Play,30-Dec,Hugh's poster,-1,snortle,10154;1816;null;8535;8746;5816;null;11844,Ko7gAjWQAY3PY5DLi
Iggly,Penguin,Male,Jock,Fitness,02-Nov,Iggly's poster,-1,waddler,6860;1853;null;null;8727;4177;7164;10921,qZtYZEyzeZv2qhoJD
Ike,Bear,Male,Cranky,Nature,16-May,Ike's poster,-1,roadie,10145;null;9902;8576;4326;null;7167;5950,BvhNkdNxf2kJue7kp
Jacob,Bird,Male,Lazy,Nature,24-Aug,Jacob's poster,70,ya feel,10070;865;9582;2377;null;null;7183;5692,HBYP4stJTe3eGEepn
Jacques,Bird,Male,Smug,Music,22-Jun,Jacques's poster,-1,zut alors,10127;3593;null;8534;8734;9715;7179;null,sXDhuuCThhtuQRDAe
Jambette,Frog,Female,Normal,Fashion,27-Oct,Jambette's poster,-1,croak-kay,10129;333;null;5784;null;11306;9561;5688,9bG8kLsEtaodApHoX
Jay,Bird,Male,Jock,Fitness,17-Jul,Jay's poster,-1,heeeeeyy,null;7159;9927;8577;11325;8735;null;6921,zv7EfaEb2TnPwmQxe
Jeremiah,Frog,Male,Lazy,Play,08-Jul,Jeremiah's poster,-1,nee-deep,2572;8298;9923;5784;11347;11439;null;null,Z9mmrgQ578rPeLdjp
Jitters,Bird,Male,Jock,Fitness,02-Feb,Jitters's poster,2,bzzert,4721;null;null;8535;5810;9116;6926;5346,TksYZm8hEYAeDWD2X
Joey,Duck,Male,Lazy,Play,03-Jan,Joey's poster,43,bleeeeeck,null;1816;null;8576;11332;11305;7174;5374,EkpmSi299YR9BP96Y
Judy,Cub,Female,Snooty,Music,10-Mar,Judy's poster,81,myohmy,10102;null;9992;8472;11787;9118;null;5301,nEbMBNS4EztR8Ysxv
Julia,Ostrich,Female,Snooty,Education,31-Jul,Julia's poster,14,dahling,11988;null;9896;8473;4266;null;6917;12167,z8F5zPavZfhe6xqEi
Julian,Horse,Male,Smug,Music,15-Mar,Julian's poster,92,glitter,null;null;5171;9762;11404;9118;6917;5370,CqhXFKr8hdfYSYpRA
June,Cub,Female,Normal,Nature,21-May,June's poster,-1,rainbow,null;1816;9688;5092;8787;null;6840;11859,kYaqSE3C2y7EYSXfi
Kabuki,Cat,Male,Cranky,Music,29-Nov,Kabuki's poster,-1,meooo-OH,11685;1330;null;8579;null;11438;8768;5245,d2DY8aRv5AfFtkneg
Katt,Cat,Female,Big Sister,Music,27-Apr,Katt's poster,57,purrty,10714;null;9689;null;11331;12062;7164;12053,6rE8fTRLqKCERS4dQ
Keaton,Eagle,Male,Smug,Music,01-Jun,Keaton's poster,-1,wingo,10731;3551;10017;null;11334;null;9561;5192,WRueK9fukhKgMrWZa
Ken,Chicken,Male,Smug,Education,23-Dec,Ken's poster,-1,no doubt,10042;3305;9680;8471;5415;11309;null;null,gQZ4xwZeRvqmswoGY
Ketchup,Duck,Female,Peppy,Play,27-Jul,Ketchup's poster,-1,bitty,5525;3958;9670;null;10188;null;6924;5333,CaQE3xJ4A7tgQXDMW
Kevin,Pig,Male,Jock,Play,26-Apr,Kevin's poster,-1,weeweewee,11548;1816;null;2099;8729;9717;null;10959,fGznAwhaxGN66K38Q
Kid Cat,Cat,Male,Jock,Fitness,01-Aug,Kid Cat's poster,-1,psst,null;8298;5203;2822;9196;null;9952;10746,Jd6z54x98v4uJhubB
Kidd,Goat,Male,Smug,Education,28-Jun,Kidd's poster,-1,wut,null;null;9078;3068;4410;5720;7164;6050,Pv4qNLnQ4NquvddfQ
Kiki,Cat,Female,Normal,Education,08-Oct,Kiki's poster,-1,kitty cat,10983;8226;5203;null;9712;null;12136;11536,QTwru2TFs99vCznLg
Kitt,Kangaroo,Female,Normal,Education,11-Oct,Kitt's poster,90,child,11676;3557;null;2377;10187;null;12135;11734,jjReK7y42rnNZmQe6
Kitty,Cat,Female,Snooty,Fashion,15-Feb,Kitty's poster,89,mrowrr,6860;1157;9068;8770;11352;3405;null;null,E6MnPthbMdNSvhHE5
Klaus,Bear,Male,Smug,Education,31-Mar,Klaus's poster,63,strudel,11568;3305;5178;8535;8736;null;null;11895,cFgAWnZ4nhq7DfrN7
Knox,Chicken,Male,Cranky,Education,23-Nov,Knox's poster,53,cluckling,5640;330;9937;null;8788;11338;null;9873,25GGGSHzwEnKmepJk
Kody,Cub,Male,Jock,Fitness,28-Sep,Kody's poster,-1,grah grah,10995;1816;null;8577;9713;4518;null;11705,j9pPANZ9zsm6Mobh2
Kyle,Wolf,Male,Smug,Music,06-Dec,Kyle's poster,-1,alpha,10166;1816;9061;null;11908;8755;null;11749,Q68JosFG2FvzG7QC3
Leonardo,Tiger,Male,Jock,Fitness,15-May,Leonardo's poster,-1,flexin',11240;3658;9670;2753;null;8836;null;5191,bZqAHvDsp82Ptify8
Leopold,Lion,Male,Smug,Education,14-Aug,Leopold's poster,63,lion cub,null;null;9792;5784;9188;5286;6908;12093,nn3GdKz434cBryvyC
Lily,Frog,Female,Normal,Education,04-Feb,Lily's poster,-1,toady,10248;null;12181;8579;5419;11303;null;5108,CQG32Qp7hhepeaRbg
Limberg,Mouse,Male,Cranky,Education,17-Oct,Limberg's poster,23,squinky,null;3305;9786;8534;null;11659;9945;11671,BnXXdXegMXE9HmZiy
Lionel,Lion,Male,Smug,Music,29-Jul,Lionel's poster,68,precisely,10974;1816;5629;null;9705;null;8768;8000,EQYQEL4crTYEN9yJs
Lobo,Wolf,Male,Cranky,Education,05-Nov,Lobo's poster,-1,ah-rooooo,10126;8298;null;8580;9273;4176;null;12034,9QsHyDimk75LPvBsn
Lolly,Cat,Female,Normal,Music,27-Mar,Lolly's poster,-1,bonbon,10164;3594;5203;null;9013;null;9561;11856,ucvTsRXewrZsFj64Y
Lopez,Deer,Male,Smug,Education,20-Aug,Lopez's poster,-1,badoom,10061;null;11760;null;11348;8865;12134;10847,wBJRdKXMHcPyHDPEj
Louie,Gorilla,Male,Jock,Fitness,26-Mar,Louie's poster,-1,hoo hoo ha,9847;1816;null;8577;11301;null;7171;11620,emwaesnBa9EmWvW89
Lucha,Bird,Male,Smug,Fitness,12-Dec,Lucha's poster,-1,cacaw,10276;7867;null;null;9717;5286;8767;10232,se8G8LxivnMhgBiRE
Lucky,Dog,Male,Lazy,Play,04-Nov,Lucky's poster,-1,rrr-owch,null;null;6046;5517;11266;8787;6925;11520,WtvwKvChcpgZ4WcQB
Lucy,Pig,Female,Normal,Music,02-Jun,Lucy's poster,-1,snoooink,10254;383;10018;null;4176;5704;6905;null,8FpMvE2W6YJtmTpiQ
Lyman,Koala,Male,Jock,Play,12-Oct,Lyman's poster,76,chips,null;1330;9665;null;11660;5923;7177;5949,cnByupc7McZQg8sNJ
Mac,Dog,Male,Jock,Fitness,11-Nov,Mac's poster,-1,woo woof,10993;1816;null;8576;5710;9273;9947;null,bLyixhvrCHgBYzvoX
Maddie,Dog,Female,Peppy,Play,11-Jan,Maddie's poster,-1,yippee,5775;1157;9790;null;9095;null;9947;10944,ebHEDLT4WnnnPtDzK
Maelle,Duck,Female,Snooty,Fashion,08-Apr,Maelle's poster,70,duckling,11467;null;null;8578;4514;9717;7175;10225,bHTDLovALeQz9PK4z
Maggie,Pig,Female,Normal,Nature,03-Sep,Maggie's poster,-1,schep,11570;3305;10003;null;9115;9707;null;6050,ByLM9r2q7mRAMbgXs
Mallary,Duck,Female,Snooty,Fashion,17-Nov,Mallary's poster,1,quackpth,10249;3406;9985;8535;10185;null;null;10744,jhXJGTWpk3ycr6kZC
Maple,Cub,Female,Normal,Education,15-Jun,Maple's poster,-1,honey,10075;null;null;8660;4547;11352;8767;6093,xgPhy4TnDmnzSkZ6o
Marcel,Dog,Male,Lazy,Play,31-Dec,Marcel's poster,-1,non,10072;1816;null;8577;4369;11657;9949;null,63FsmgrS7QPpFvL3N
Marcie,Kangaroo,Female,Normal,Nature,31-May,Marcie's poster,32,pouches,null;863;null;2377;11657;11908;6914;11884,mSJuJRK54zTu3BkHr
Margie,Elephant,Female,Normal,Education,28-Jan,Margie's poster,-1,tootie,10716;12415;9923;8176;null;8735;12137;null,rnFzZ3Z4gFAv6ouqG
Marina,Octopus,Female,Normal,Music,26-Jun,Marina's poster,68,blurp,11239;1816;9996;7589;null;null;6916;12167,BQCu2GxBFFTuigDAY
Marshal,Squirrel,Male,Smug,Music,29-Sep,Marshal's poster,-1,sulky,10077;null;8938;8577;8721;null;6911;10224,ZZJJbE5zFrcDXfLEF
Mathilda,Kangaroo,Female,Snooty,Fitness,12-Nov,Mathilda's poster,17,wee baby,5617;865;9988;8579;null;null;6910;5367,GSsfXWFSF3FEdbcjA
Megan,Bear,Female,Normal,Nature,13-Mar,Megan's poster,24,sundae,10146;null;9785;7586;null;11374;9957;5385,tgsKz4BX3wxFRFrFZ
Melba,Koala,Female,Normal,Education,12-Apr,Melba's poster,-1,toasty,10083;null;9883;null;4187;9117;12136;11750,sLBs68aveqtjT8HZJ
Merengue,Rhino,Female,Normal,Nature,19-Mar,Merengue's poster,8,shortcake,null;8298;9072;null;11442;4505;9960;10891,qxaecyD6f6aHuNZKK
Merry,Cat,Female,Peppy,Fashion,29-Jun,Merry's poster,-1,mweee,10256;null;9912;5095;9714;9706;8767;null,uhd4aEuBudwu9pM6E
Midge,Bird,Female,Normal,Education,12-Mar,Midge's poster,-1,tweedledee,11457;8298;null;null;8797;9717;7165;11748,WSnecxx3DREYtZ3p3
Mint,Squirrel,Female,Snooty,Fashion,02-May,Mint's poster,48,ahhhhhh,10964;3821;5167;null;null;11397;7183;11858,TgwEuBB4kt96EXAvt
Mira,Rabbit,Female,Big Sister,Fitness,06-Jul,Mira's poster,-1,cottontail,10116;7867;8938;null;8756;11665;null;11602,ycquvbgfbCzktuLvn
Miranda,Duck,Female,Snooty,Fashion,23-Apr,Miranda's poster,-1,quackulous,5814;null;null;8576;11266;11348;7177;12445,9AE7bEWmthdc7kZ4m
Mitzi,Cat,Female,Normal,Education,25-Sep,Mitzi's poster,85,mew,5546;3553;null;2822;11149;10189;9958;null,4DpkbYXeoySwonvkS
Moe,Cat,Male,Lazy,Play,12-Jan,Moe's poster,72,myawn,10136;333;9799;8471;11788;null;null;5688,EYRuj39J5cS5eYuPD
Molly,Duck,Female,Normal,Nature,07-Mar,Molly's poster,49,quackidee,11254;null;5813;8535;11654;null;6919;11898,4RLK74MDFhcXAQeuL
Monique,Cat,Female,Snooty,Fashion,30-Sep,Monique's poster,-1,pffffft,11559;2012;5629;12578;4255;null;null;11898,6rhSBCp2M4wcM9cRG
Monty,Monkey,Male,Cranky,Education,07-Dec,Monty's poster,-1,g'tang,5564;4081;9060;8176;null;11327;null;12439,AB2WWajw4nPsxsQ5h
Moose,Mouse,Male,Jock,Fitness,13-Sep,Moose's poster,-1,shorty,10057;8298;null;5741;4545;4504;7166;null,bqireWGDZg56QP8JF
Mott,Lion,Male,Jock,Fitness,10-Jul,Mott's poster,-1,cagey,5760;1816;9889;null;9728;4523;null;5950,upZ67GQyTzKPGCLm8
Muffy,Sheep,Female,Big Sister,Music,14-Feb,Muffy's poster,-1,nightshade,null;1853;5806;5784;11665;null;6919;11862,BMbfDZTTqMr8T4Jvt
Murphy,Cub,Male,Cranky,Education,29-Dec,Murphy's poster,-1,malarkey,10139;1277;5202;7584;null;null;7170;5278,Nw4ojqKpHxBQfEqqo
Nan,Goat,Female,Normal,Nature,24-Aug,Nan's poster,-1,kid,null;null;12184;7584;9716;11327;9955;5112,oGFWxL6p7g9Hq5LWK
Nana,Monkey,Female,Normal,Education,23-Aug,Nana's poster,34,po po,null;383;5812;null;9011;4372;9955;12054,z95tvdzwWsxjXbpqP
Naomi,Cow,Female,Snooty,Fashion,28-Feb,Naomi's poster,51,moolah,10151;2012;null;8177;11439;null;7178;11617,3EXPYiDinngndhDng
Nate,Bear,Male,Lazy,Play,16-Aug,Nate's poster,-1,yawwwn,null;1816;3095;null;8793;8789;6904;5189,h2nAg5RGkR7NEnSQq
Nibbles,Squirrel,Female,Peppy,Fashion,19-Jul,Nibbles's poster,-1,niblet,10053;null;10026;8578;null;8737;6918;12058,Moh8bkfxWaxEa97mG
Norma,Cow,Female,Normal,Nature,20-Sep,Norma's poster,-1,hoof hoo,11247;3959;9676;5741;null;11354;null;10236,fwgBojtt5KTvk3TL5
O'Hare,Rabbit,Male,Smug,Nature,24-Jul,O'Hare's poster,-1,amigo,10074;12420;null;null;4523;10212;9953;5113,WDB4w6DdNpdhCvEuj
Octavian,Octopus,Male,Cranky,Play,20-Sep,Octavian's poster,50,sucker,11775;3950;9906;null;null;9711;9951;11854,nLsc5geQY78JR7j4S
Olaf,Anteater,Male,Smug,Education,19-May,Olaf's poster,-1,whiffa,11549;null;null;8535;11303;10214;12135;5947,ar73BhCacgwhTNYnX
Olive,Cub,Female,Normal,Nature,12-Jul,Olive's poster,-1,sweet pea,10134;8298;null;8575;11440;11404;null;11506,7ZynzrsbeH5fMqvLu
Olivia,Cat,Female,Snooty,Music,03-Feb,Olivia's poster,-1,purrr,10696;3821;9690;null;null;11328;9959;11959,9TaBZpKSgb9nEWwtH
Opal,Elephant,Female,Snooty,Fashion,20-Jan,Opal's poster,49,snoot,null;3468;9086;2753;9108;8743;null;5299,FYopCfP6LEKMEAP7F
Ozzie,Koala,Male,Lazy,Play,07-May,Ozzie's poster,-1,ol' bear,5566;1852;9900;2615;11655;8836;null;null,jn3GZEfXoGm3ahwd3
Pancetti,Pig,Female,Snooty,Music,14-Nov,Pancetti's poster,-1,sooey,4723;3956;10037;5784;11906;null;null;6034,bjvvbcuiiN9pYiZA9
Pango,Anteater,Female,Peppy,Fashion,09-Nov,Pango's poster,50,snooooof,10062;7805;9943;null;8838;null;6908;11811,dz29mEXmHc8mM3q7R
Paolo,Elephant,Male,Lazy,Nature,05-May,Paolo's poster,-1,pal,11240;null;9682;4703;11266;null;9949;4800,jH9AH2BeLRwtsFwHQ
Papi,Horse,Male,Lazy,Nature,10-Jan,Papi's poster,-1,haaay,10984;3305;9781;null;null;8739;6906;11521,miKjvBKFawhzBB8rW
Pashmina,Goat,Female,Big Sister,Music,26-Dec,Pashmina's poster,-1,kidders,10724;8298;null;8580;null;9098;7175;9743,hftL8Ep8ffr3PWTuE
Pate,Duck,Female,Peppy,Fashion,23-Feb,Pate's poster,-1,quackle,12455;331;4741;2377;null;11311;7167;null,DHBvGmtvAKgcEQiLx
Patty,Cow,Female,Peppy,Fashion,10-May,Patty's poster,-1,how-now,null;896;8939;null;8802;10213;9947;10885,WwWCGiveKwyuntnBe
Paula,Bear,Female,Big Sister,Fitness,22-Mar,Paula's poster,55,yodelay,null;1816;9970;5784;null;11145;6916;10947,mt4oJ6k5CJTCGJXAZ
Peaches,Horse,Female,Normal,Education,28-Nov,Peaches's poster,-1,neighbor,10734;7867;9787;null;9184;8728;null;5276,SRuoS7z66df8wdynd
Peanut,Squirrel,Female,Peppy,Fashion,08-Jun,Peanut's poster,11,slacker,5800;null;9804;8577;11309;null;7183;11612,ZcdcgJXwiH4rJg2JK
Pecan,Squirrel,Female,Snooty,Fashion,10-Sep,Pecan's poster,61,chipmunk,9847;null;9802;8536;11440;11295;9960;null,qJmNiqamwRRxHc4fY
Peck,Bird,Male,Jock,Play,25-Jul,Peck's poster,8,crunch,5609;null;10170;null;5416;11907;9951;5628,TC9QnMpcjfskBGzwB
Peewee,Gorilla,Male,Cranky,Fitness,11-Sep,Peewee's poster,56,li'l bitty baby,5469;1816;9986;8471;4505;9015;null;null,HAeZAgW5pywjmCBeu
Peggy,Pig,Female,Peppy,Fashion,23-May,Peggy's poster,-1,shweetie,10105;3305;null;7588;null;11655;9955;5365,YReGwLNQoegR9PhZx
Pekoe,Cub,Female,Normal,Nature,18-May,Pekoe's poster,72,bud,null;3553;5198;5093;5720;11444;null;11747,QvWvWxjFtNLCnZES5
Penelope,Mouse,Female,Peppy,Fashion,05-Feb,Penelope's poster,68,oh bow,10080;8298;null;2377;4545;4408;7171;null,L9mYm8tvKg32G85cv
Phil,Ostrich,Male,Smug,Music,27-Nov,Phil's poster,80,hurk,10065;null;9890;null;5854;8921;9945;5325,rCHTjrbTz7pejGT8J
Phoebe,Ostrich,Female,Big Sister,Fitness,22-Apr,Phoebe's poster,-1,sparky,10066;1816;null;8536;3353;11304;null;11888,HYJxoDdCoLS7uPdz9
Pierce,Eagle,Male,Jock,Fitness,08-Jan,Pierce's poster,81,hawkeye,10092;664;9801;null;null;4256;6916;5282,aavqm5o5TcTxgrBs6
Pietro,Sheep,Male,Smug,Music,19-Apr,Pietro's poster,-1,honk honk,10988;3958;null;8535;9705;9714;null;11749,fLBrHLToMTBrc5Was
Pinky,Bear,Female,Peppy,Fashion,09-Sep,Pinky's poster,-1,wah,9884;7867;9907;8176;9093;null;6910;null,CLQDMiLJYw9de8t7c
Piper,Bird,Female,Peppy,Play,18-Apr,Piper's poster,-1,chickadee,10731;3954;10036;null;11660;10189;7174;null,B9nGDw29C3MeZeiob
Pippy,Rabbit,Female,Peppy,Fashion,14-Jun,Pippy's poster,6,li'l hare,null;3305;null;8473;8790;11146;6908;11846,zRveogN878Fugd5ga
Plucky,Chicken,Female,Big Sister,Play,12-Oct,Plucky's poster,31,chicky-poo,10275;3305;9672;2377;11442;null;null;11705,8v54MppXDZwDS2viK
Pompom,Duck,Female,Peppy,Music,11-Feb,Pompom's poster,80,rah rah,11769;330;null;8577;null;9274;7174;11837,D4EfZuiFQqxXAaxa5
Poncho,Cub,Male,Jock,Fitness,02-Jan,Poncho's poster,75,li'l bear,10991;3551;9934;8471;12064;11308;null;null,2yyqShsyFuek2xsPq
Poppy,Squirrel,Female,Normal,Education,05-Aug,Poppy's poster,-1,nutty,10736;null;9070;null;12065;4545;12135;5115,NaP65qNMvxYTzTXrs
Portia,Dog,Female,Snooty,Fashion,25-Oct,Portia's poster,-1,ruffian,10115;12207;null;8177;8735;9093;null;11732,XAP6AcqdXDufCkTAd
Prince,Frog,Male,Lazy,Play,21-Jul,Prince's poster,-1,burrup,11772;12436;11584;null;11348;null;7174;5953,3YQrrLRvCYt62wMLi
Puck,Penguin,Male,Lazy,Fitness,21-Feb,Puck's poster,84,brrrrrrrrr,11475;865;null;null;11295;11406;9956;10220,qnejmf3Q7jvCoBvw7
Puddles,Frog,Female,Peppy,Fashion,13-Jan,Puddles's poster,-1,splish,10136;3305;null;8577;11357;11372;9957;null,TuEiYBT2nG3qNT2RX
Pudge,Cub,Male,Lazy,Play,11-Jun,Pudge's poster,15,golly,null;1816;9790;null;9272;11329;7180;10225,QGD2qdJ8oyu4SS7To
Punchy,Cat,Male,Lazy,Play,11-Apr,Punchy's poster,17,mrmpht,9885;null;6046;3083;11441;12061;9952;null,Q8Qds8CMWMnXTGbqf
Purrl,Cat,Female,Snooty,Fashion,29-May,Purrl's poster,11,kitten,10103;3594;null;8178;null;9013;6912;11846,ZgpbeQ6LW63qq2yok
Queenie,Ostrich,Female,Snooty,Fashion,13-Nov,Queenie's poster,9,chicken,10986;null;3096;null;8732;11443;6840;9854,4vYPTrcRBimNwXmcC
Quillson,Duck,Male,Smug,Music,22-Dec,Quillson's poster,27,ridukulous,11467;3952;null;8177;11327;11325;6840;null,tdfJ4MAeE2pKDxxNd
Raddle,Frog,Male,Lazy,Nature,06-Jun,Raddle's poster,37,aaach—,10161;1816;9924;null;null;11376;6919;11618,Xi6NDcp6NptRB9WDz
Rasher,Pig,Male,Cranky,Music,07-Apr,Rasher's poster,-1,swine,11473;7160;null;8472;8798;9095;null;5187,vhd6ReEt63uAnpYsq
Raymond,Cat,Male,Smug,Nature,01-Oct,Raymond's poster,17,crisp,10161;8298;null;null;11375;9015;6906;11746,2nbzgWsuDBSN2LeEj
Renée,Rhino,Female,Big Sister,Music,28-May,Ren?e's poster,14,yo yo yo,null;1816;null;8177;9725;8801;6910;10890,ZyeqzXyxABEFXsS5c
Reneigh,Horse,Female,Big Sister,Play,04-Jun,Reneigh's poster,-1,ayup yup,10270;8298;9804;null;5722;9707;6906;null,4rRW9HkPYfAWBQvWC
Rex,Lion,Male,Lazy,Nature,24-Jul,Rex's poster,-1,cool cat,11684;3305;9678;null;8791;9113;9948;null,umQmbALHn7dbiMrYL
Rhonda,Rhino,Female,Normal,Music,24-Jan,Rhonda's poster,63,bigfoot,5478;865;9076;5320;null;9194;null;10935,BjYi6hQsSg6sQcxhm
Ribbot,Frog,Male,Jock,Fitness,13-Feb,Ribbot's poster,92,zzrrbbitt,null;1853;5198;8473;11433;8797;null;10923,vg2BFTmhyyhbiHtbC
Ricky,Squirrel,Male,Cranky,Education,14-Sep,Ricky's poster,-1,nutcase,11560;1816;null;8178;null;10189;7169;5186,g5JArfBAeNAXb8rFX
Rizzo,Mouse,Male,Cranky,Education,17-Jan,Rizzo's poster,-1,squee,null;null;4749;8178;11660;9713;12134;11884,vmbvXTtjpswNLkcpi
Roald,Penguin,Male,Jock,Fitness,05-Jan,Roald's poster,-1,b-b-buddy,null;333;9997;2379;11332;5286;6914;null,kxpZTdDuacHxQA3An
Robin,Bird,Female,Snooty,Fashion,04-Dec,Robin's poster,1,la-di-da,11692;1816;10001;8534;null;9112;null;11837,xK49Rcb2Lnm5P4aLM
Rocco,Hippo,Male,Cranky,Education,18-Aug,Rocco's poster,-1,hippie,10252;3555;9890;null;11335;11444;null;11526,vfET6L7B9ruRApyMb
Rocket,Gorilla,Female,Big Sister,Fitness,14-Apr,Rocket's poster,-1,vroom,10989;3956;9685;null;5925;11327;null;12093,eJNBB5SYzfj5DaWjx
Rod,Mouse,Male,Jock,Fitness,14-Aug,Rod's poster,60,ace,6867;1816;null;8177;null;11303;6916;11903,ezLuGMubv35hSamPr
Rodeo,Bull,Male,Lazy,Fitness,29-Oct,Rodeo's poster,91,chaps,11257;4078;5178;8579;11909;null;null;11888,QNT5F2pjZixKpiD4D
Rodney,Hamster,Male,Smug,Music,10-Nov,Rodney's poster,89,le ham,6892;null;9925;null;9725;11329;6906;9866,AnFmctYx65LkTaFGu
Rolf,Tiger,Male,Cranky,Fitness,22-Aug,Rolf's poster,-1,grrrolf,10274;null;9894;8536;null;4410;7179;11696,MA2wxkE7cEyD4f4hz
Rooney,Kangaroo,Male,Cranky,Fitness,01-Dec,Rooney's poster,81,punches,5630;null;5181;null;4518;6842;12134;10957,9wnSweJyqfd4izW4M
Rory,Lion,Male,Jock,Music,07-Aug,Rory's poster,7,capital,10091;10742;4744;null;12070;null;7178;5953,hAfSborD4JtyNGFd6
Roscoe,Horse,Male,Cranky,Music,16-Jun,Roscoe's poster,17,nay,10993;3305;9975;8579;null;null;6911;5367,RKAg95c8nosL8fNec
Rosie,Cat,Female,Peppy,Music,27-Feb,Rosie's poster,-1,silly,11682;863;null;8579;4504;8790;9956;null,NTwyXi4RAX4EKTcW6
Rowan,Tiger,Male,Jock,Fitness,26-Aug,Rowan's poster,-1,mango,12455;null;6045;2099;11323;null;9946;6880,WqtXZv8CLheckbHoF
Ruby,Rabbit,Female,Peppy,Nature,25-Dec,Ruby's poster,-1,li'l ears,10717;8298;9054;8536;null;11385;7179;null,rjbSmp6a8PdsEw9BM
Rudy,Cat,Male,Jock,Play,20-Dec,Rudy's poster,69,mush,11246;896;null;null;8794;9111;6919;11701,TqXTvnySgEac3iEt7
Sally,Squirrel,Female,Normal,Music,19-Jun,Sally's poster,57,nutmeg,5469;8298;9054;2377;5722;null;6907;null,jtXMvWWbQ9qN2iw7S
Samson,Mouse,Male,Jock,Fitness,05-Jul,Samson's poster,90,pipsqueak,11987;null;null;8580;9193;4176;12135;11048,XFzdPqYwq4n98EpuF
Sandy,Ostrich,Female,Normal,Nature,21-Oct,Sandy's poster,-1,speedy,11457;null;9059;5095;null;9275;9949;11960,6t3MfdfbyRKwjgNPd
Savannah,Horse,Female,Normal,Music,25-Jan,Savannah's poster,-1,y'all,10981;3305;9583;null;9092;11301;6911;null,Mquwz8gbb3EEmazyF
Scoot,Duck,Male,Jock,Fitness,13-Jun,Scoot's poster,63,zip zoom,10097;1157;9927;7589;null;4372;null;12044,wanb7GiQ9fe6puXe8
Shari,Monkey,Female,Big Sister,Music,10-Apr,Shari's poster,79,cheeky,10715;null;null;8177;9119;4188;6916;5188,sR4EndxJk6uqcQKxB
Sheldon,Squirrel,Male,Jock,Play,26-Feb,Sheldon's poster,-1,cardio,11560;3594;10021;8579;11658;null;12134;null,KQG9B6Yp57KhnDiZ9
Shep,Dog,Male,Smug,Education,24-Nov,Shep's poster,86,baa baa baa,null;1816;8939;3084;null;8747;7182;12167,P4FqMoZg2EJQ6EzAb
Sherb,Goat,Male,Lazy,Nature,18-Jan,Sherb's poster,-1,bawwww,5609;1429;null;8575;9727;null;9957;5104,XaaDkAfHynrEY2YS4
Simon,Monkey,Male,Lazy,Play,19-Jan,Simon's poster,-1,zzzook,10273;null;4748;3331;null;9712;9953;10230,mTk2qZXe4XwP3WzNT
Skye,Wolf,Female,Normal,Music,24-Mar,Skye's poster,-1,airmail,12495;4078;4745;3083;null;null;12133;11671,y8Mi2cSB26qfaxCa3
Sly,Alligator,Male,Jock,Play,15-Nov,Sly's poster,-1,hoo-rah,11798;null;9966;null;4514;9094;7166;11754,GbXz3ZAtzig3qyKd5
Snake,Rabbit,Male,Jock,Fitness,03-Nov,Snake's poster,51,bunyip,10727;3959;9897;8577;null;null;12138;10232,LZcGjneEs8xmxNE3q
Snooty,Anteater,Female,Snooty,Education,24-Oct,Snooty's poster,-1,sniffff,null;8298;9808;null;8794;3408;9950;5245,hZmkhmRhK7xgM6BhP
Soleil,Hamster,Female,Snooty,Education,09-Aug,Soleil's poster,-1,tarnation,10058;1816;11762;null;null;4326;9560;11598,EzZzup4KP8t2FvL8f
Sparro,Bird,Male,Jock,Play,20-Nov,Sparro's poster,-1,like whoa,10092;null;5812;8471;9186;9276;6907;null,kyF7bCcryEzaErcTJ
Spike,Rhino,Male,Cranky,Nature,17-Jun,Spike's poster,-1,punk,null;1816;9660;8178;null;8922;12134;11891,e8bJbKYBcretqhbuR
Spork,Pig,Male,Lazy,Play,03-Sep,Spork's poster,58,snork,11771;null;9056;8576;9844;11305;9954;null,NeqP5jCsuLugbA2PW
Sprinkle,Penguin,Female,Peppy,Play,20-Feb,Sprinkle's poster,16,frappe,null;7867;5629;null;9116;9015;7175;6049,5ffTHHjgjsXGAcsb3
Sprocket,Ostrich,Male,Jock,Music,01-Dec,Sprocket's poster,-1,zort,4721;null;9930;null;8785;11149;6910;10891,mFq536yZgoy7zEbKd
Static,Squirrel,Male,Cranky,Music,09-Jul,Static's poster,63,krzzt,5824;8298;9938;8769;12062;null;6908;null,vqPjvoChWTNpj2t6E
Stella,Sheep,Female,Normal,Nature,09-Apr,Stella's poster,-1,baa-dabing,null;3594;9665;null;11324;11322;7175;11531,PnrARfxc8picdtvL8
Sterling,Eagle,Male,Jock,Fitness,11-Dec,Sterling's poster,-1,skraaaaw,null;3305;9905;8579;9114;null;9955;5112,u7tJskupjfv3Ejedt
Stinky,Cat,Male,Jock,Fitness,17-Aug,Stinky's poster,16,GAAHHH,10257;null;null;8535;11373;5736;9959;11860,daE2wDXCWHDJZBkD4
Stitches,Cub,Male,Lazy,Play,10-Feb,Stitches's poster,-1,stuffin',12496;null;9989;null;11323;4187;9946;11696,SfGuc8givs3kR8kvM
Stu,Bull,Male,Lazy,Nature,20-Apr,Stu's poster,-1,mrooooo,null;3954;10015;null;8797;11431;6911;12047,rcPtvvvscvkEWG7AF
Sydney,Koala,Female,Normal,Music,21-Jun,Sydney's poster,-1,sunshine,10263;null;9657;8471;4547;9097;7181;null,crrWmmqsC9RfmZNCS
Sylvana,Squirrel,Female,Normal,Nature,22-Oct,Sylvana's poster,60,hubbub,10976;896;8944;null;11300;4150;null;12046,MBkrN9pXkoACmfPdE
Sylvia,Kangaroo,Female,Big Sister,Music,03-May,Sylvia's poster,35,boing,10274;3959;null;5430;11650;11268;null;10842,PZsBTkeYBg5ACE5xB
T-Bone,Bull,Male,Cranky,Education,20-May,T-Bone's poster,16,moocher,11243;3468;9993;null;5816;null;6915;7378,QLPX4QqjhiPwCLcko
Tabby,Cat,Female,Peppy,Music,13-Aug,Tabby's poster,76,me-WOW,5630;8298;null;null;9263;4505;7172;10885,P3ouRnR3NRSch3LaC
Tad,Frog,Male,Jock,Play,03-Aug,Tad's poster,64,sluuuurp,10963;1816;10005;5320;null;null;7165;5627,v74Hs9XT2zRC6gDjE
Tammi,Monkey,Female,Peppy,Fashion,02-Apr,Tammi's poster,-1,chimpy,10106;null;9682;8534;8792;11437;7165;null,vYWvCyge46SGeHfHH
Tammy,Cub,Female,Big Sister,Play,23-Jun,Tammy's poster,-1,ya heard,null;2740;9657;5085;5416;null;9561;11842,vw7ussv29jkjDdnJ7
Tangy,Cat,Female,Peppy,Music,17-Jun,Tangy's poster,7,reeeeOWR,null;3958;11762;8179;12067;9096;7177;null,eeMEC83wHWmKuHNvh
Tank,Rhino,Male,Jock,Fitness,06-May,Tank's poster,-1,kerPOW,11245;1445;null;8533;8728;11660;null;11885,tq4TfLyNJx7un4h2m
Tasha,Squirrel,Female,Snooty,Fitness,30-Nov,Tasha's poster,25,nice nice,10968;8298;9917;null;11655;10187;null;12092,i3FzxyjfuBzy7Fnv3
Teddy,Bear,Male,Jock,Fitness,26-Sep,Teddy's poster,68,grooof,11255;7150;null;8177;11662;8729;6840;null,JhB2GSBmZCpaqRGDv
Tex,Penguin,Male,Smug,Music,06-Oct,Tex's poster,78,picante,4725;3406;null;8535;11301;null;9951;11699,99QcysqkrEZ7ycBWs
Tia,Elephant,Female,Normal,Nature,18-Nov,Tia's poster,6,teacup,11475;null;9792;8473;9242;null;7172;5097,2SK8tjSB8JvYLgPn9
Tiffany,Rabbit,Female,Snooty,Fashion,09-Jan,Tiffany's poster,1,bunbun,11237;2012;9693;12695;null;11149;null;10750,yhaDSkcEFYP6urwjN
Timbra,Sheep,Female,Snooty,Education,21-Oct,Timbra's poster,42,pine nut,10073;1816;4744;8770;null;8731;9958;null,yafB94xabfKKPPNSp
Tipper,Cow,Female,Snooty,Fashion,25-Aug,Tipper's poster,5,pushy,11452;7238;9658;null;9273;null;6907;11618,ZWevBdWKRpz7DC7B4
Tom,Cat,Male,Cranky,Education,10-Dec,Tom's poster,-1,me-YOWZA,10739;1852;null;null;9111;8864;9560;10226,2vHKegY3XyX2DBc6G
Truffles,Pig,Female,Peppy,Fashion,28-Jul,Truffles's poster,-1,snoutie,11773;null;9692;null;11662;11336;9960;8000,3oNZnyk4zv3zJD2m5
Tucker,Elephant,Male,Lazy,Nature,07-Sep,Tucker's poster,23,fuzzers,10098;null;null;8536;11906;4430;9947;10959,96HCsK6H2c7J2ARMa
Tutu,Bear,Female,Peppy,Fashion,15-Sep,Tutu's poster,55,twinkles,10977;null;9088;8535;4372;3342;7167;null,HqboYio5a8bRbKtcL
Twiggy,Bird,Female,Peppy,Fashion,13-Jul,Twiggy's poster,49,cheepers,10087;865;10009;null;4523;11438;7164;null,P6sD4cQvXFHHvNcz8
Tybalt,Tiger,Male,Jock,Play,19-Aug,Tybalt's poster,-1,grrrRAH,10131;8298;9069;null;5411;4612;12136;null,Q49mH4FY3BrgFDoyN
Ursala,Bear,Female,Big Sister,Music,16-Jan,Ursala's poster,-1,grooomph,10274;7159;null;null;9277;4187;6918;12132,zodRh39TrqXPbGW49
Velma,Goat,Female,Snooty,Education,14-Jan,Velma's poster,14,blih,null;3580;8938;8471;9711;4255;6913;null,PkAYXk745ZHBE69a9
Vesta,Sheep,Female,Normal,Fashion,16-Apr,Vesta's poster,5,baaaffo,11563;3305;null;8473;null;8800;6915;11836,pkzxW9Pmtd39TMdDH
Vic,Bull,Male,Cranky,Fitness,29-Dec,Vic's poster,86,cud,11691;7839;9918;null;8743;8801;7165;null,9ouwtyzDNP65WJv77
Victoria,Horse,Female,Peppy,Fitness,11-Jul,Victoria's poster,87,sugar cube,11677;null;3095;8574;5816;null;7182;5334,R5zfwZxyxaa6gue4d
Violet,Gorilla,Female,Snooty,Fitness,01-Sep,Violet's poster,90,sweetie,null;8298;9984;2822;null;11334;6905;11896,z7N6aubfytXa7Z4Me
Vivian,Wolf,Female,Snooty,Education,26-Jan,Vivian's poster,0,piffle,10723;664;9057;null;11266;11441;9560;null,tWyG3bE5fwvNNGpWM
Vladimir,Cub,Male,Cranky,Play,02-Aug,Vladimir's poster,-1,nyet,10166;1816;9085;null;9112;11304;9948;null,Eskwc34f2x6Qx6ZNT
Wade,Penguin,Male,Lazy,Nature,30-Oct,Wade's poster,69,so it goes,10273;null;9691;2615;null;9709;9951;7377,cy2hRtipGaiHEBPd8
Walker,Dog,Male,Lazy,Play,10-Jun,Walker's poster,44,wuh,11233;3950;9665;null;9540;8795;null;11511,rh6PGwW3Lg6EFcfo6
Walt,Kangaroo,Male,Cranky,Fitness,24-Apr,Walt's poster,17,pockets,11799;1853;6045;8471;null;9107;null;9854,wN36ADi7MxiLNJ3Eu
Wart Jr.,Frog,Male,Cranky,Education,21-Aug,Wart Jr.'s poster,60,grr-ribbit,null;3776;null;8575;11349;11353;6908;11891,HCbj4RPsBexGWd2Sy
Weber,Duck,Male,Lazy,Nature,30-Jun,Weber's poster,6,quaa,10716;null;null;2377;11149;9844;6905;12055,QrbKSTR4H9tFKBofW
Wendy,Sheep,Female,Peppy,Fashion,15-Aug,Wendy's poster,-1,lambkins,null;8298;10035;8575;11442;9109;null;5334,YyW9WdsWe6EgMF4Mq
Whitney,Wolf,Female,Snooty,Fashion,17-Sep,Whitney's poster,-1,snappy,10274;12207;5200;8536;12063;null;null;9873,KbixDxCFpoWTimarv
Willow,Sheep,Female,Snooty,Fashion,26-Nov,Willow's poster,-1,bo peep,10268;null;9088;3083;9096;null;6907;12033,HT58xc2w7ootdCRWb
Winnie,Horse,Female,Peppy,Fashion,31-Jan,Winnie's poster,-1,hay-OK,null;1816;4742;8176;5286;9274;null;11601,b4HwfyvThyipScSAv
Wolfgang,Wolf,Male,Cranky,Education,25-Nov,Wolfgang's poster,-1,snarrrl,10116;4078;10021;null;null;5704;7171;6034,RbF2wcn6jRxtgLDRd
Yuka,Koala,Female,Snooty,Fashion,20-Jul,Yuka's poster,-1,tsk tsk,10055;1816;9983;8473;null;4548;null;11904,QDcxk3dCNT6yeD9hk
Zell,Deer,Male,Smug,Music,07-Jun,Zell's poster,-1,pronk,10991;7161;9892;2615;9112;null;7167;null,LodBWtdMRZbjFNga9
Zucker,Octopus,Male,Lazy,Nature,08-Mar,Zucker's poster,21,bloop,10100;12207;6046;null;4274;null;12138;11840,2F5tipHqgmWvWXTLC